Date,Time,"Virtual Memory Committed [MB]","Virtual Memory Available [MB]","Virtual Memory Load [%]","Physical Memory Used [MB]","Physical Memory Available [MB]","Physical Memory Load [%]","Page File Usage [%]","Page File Total [MB]","Page File Used [MB]","Core VIDs (avg) [V]","Core 0 VID [V]","Core 1 VID [V]","Core 2 VID [V]","Core 3 VID [V]","Core 4 VID [V]","Core 5 VID [V]","Core 6 VID [V]","Core 7 VID [V]","Uncore VID [V]","SA VID [V]","Core Clocks (avg) [MHz]","Core 0 Clock [MHz]","Core 1 Clock [MHz]","Core 2 Clock [MHz]","Core 3 Clock [MHz]","Core 4 Clock [MHz]","Core 5 Clock [MHz]","Core 6 Clock [MHz]","Core 7 Clock [MHz]","Bus Clock [MHz]","Ring/LLC Clock [MHz]","PCIe Clock [MHz]","Core Effective Clocks (avg) [MHz]","Core 0 T0 Effective Clock [MHz]","Core 0 T1 Effective Clock [MHz]","Core 1 T0 Effective Clock [MHz]","Core 1 T1 Effective Clock [MHz]","Core 2 T0 Effective Clock [MHz]","Core 2 T1 Effective Clock [MHz]","Core 3 T0 Effective Clock [MHz]","Core 3 T1 Effective Clock [MHz]","Core 4 T0 Effective Clock [MHz]","Core 4 T1 Effective Clock [MHz]","Core 5 T0 Effective Clock [MHz]","Core 5 T1 Effective Clock [MHz]","Core 6 T0 Effective Clock [MHz]","Core 6 T1 Effective Clock [MHz]","Core 7 T0 Effective Clock [MHz]","Core 7 T1 Effective Clock [MHz]","Average Effective Clock [MHz]","Core Usage (avg) [%]","Core 0 T0 Usage [%]","Core 0 T1 Usage [%]","Core 1 T0 Usage [%]","Core 1 T1 Usage [%]","Core 2 T0 Usage [%]","Core 2 T1 Usage [%]","Core 3 T0 Usage [%]","Core 3 T1 Usage [%]","Core 4 T0 Usage [%]","Core 4 T1 Usage [%]","Core 5 T0 Usage [%]","Core 5 T1 Usage [%]","Core 6 T0 Usage [%]","Core 6 T1 Usage [%]","Core 7 T0 Usage [%]","Core 7 T1 Usage [%]","Max CPU/Thread Usage [%]","Total CPU Usage [%]","On-Demand Clock Modulation [%]","Core Utility (avg) [%]","Core 0 T0 Utility [%]","Core 0 T1 Utility [%]","Core 1 T0 Utility [%]","Core 1 T1 Utility [%]","Core 2 T0 Utility [%]","Core 2 T1 Utility [%]","Core 3 T0 Utility [%]","Core 3 T1 Utility [%]","Core 4 T0 Utility [%]","Core 4 T1 Utility [%]","Core 5 T0 Utility [%]","Core 5 T1 Utility [%]","Core 6 T0 Utility [%]","Core 6 T1 Utility [%]","Core 7 T0 Utility [%]","Core 7 T1 Utility [%]","Total CPU Utility [%]","Core Ratios (avg) [x]","Core 0 Ratio [x]","Core 1 Ratio [x]","Core 2 Ratio [x]","Core 3 Ratio [x]","Core 4 Ratio [x]","Core 5 Ratio [x]","Core 6 Ratio [x]","Core 7 Ratio [x]","Uncore Ratio [x]","Core Temperatures (avg) [°C]","Core 0 [°C]","Core 1 [°C]","Core 2 [°C]","Core 3 [°C]","Core 4 [°C]","Core 5 [°C]","Core 6 [°C]","Core 7 [°C]","Core Distance to TjMAX (avg) [°C]","Core 0 Distance to TjMAX [°C]","Core 1 Distance to TjMAX [°C]","Core 2 Distance to TjMAX [°C]","Core 3 Distance to TjMAX [°C]","Core 4 Distance to TjMAX [°C]","Core 5 Distance to TjMAX [°C]","Core 6 Distance to TjMAX [°C]","Core 7 Distance to TjMAX [°C]","CPU Package [°C]","Core Max [°C]","Core Thermal Throttling (avg) [Yes/No]","Core 0 Thermal Throttling [Yes/No]","Core 1 Thermal Throttling [Yes/No]","Core 2 Thermal Throttling [Yes/No]","Core 3 Thermal Throttling [Yes/No]","Core 4 Thermal Throttling [Yes/No]","Core 5 Thermal Throttling [Yes/No]","Core 6 Thermal Throttling [Yes/No]","Core 7 Thermal Throttling [Yes/No]","Core Critical Temperature (avg) [Yes/No]","Core 0 Critical Temperature [Yes/No]","Core 1 Critical Temperature [Yes/No]","Core 2 Critical Temperature [Yes/No]","Core 3 Critical Temperature [Yes/No]","Core 4 Critical Temperature [Yes/No]","Core 5 Critical Temperature [Yes/No]","Core 6 Critical Temperature [Yes/No]","Core 7 Critical Temperature [Yes/No]","Core Power Limit Exceeded (avg) [Yes/No]","Core 0 Power Limit Exceeded [Yes/No]","Core 1 Power Limit Exceeded [Yes/No]","Core 2 Power Limit Exceeded [Yes/No]","Core 3 Power Limit Exceeded [Yes/No]","Core 4 Power Limit Exceeded [Yes/No]","Core 5 Power Limit Exceeded [Yes/No]","Core 6 Power Limit Exceeded [Yes/No]","Core 7 Power Limit Exceeded [Yes/No]","Package/Ring Thermal Throttling [Yes/No]","Package/Ring Critical Temperature [Yes/No]","Package/Ring Power Limit Exceeded [Yes/No]","CPU Package [°C]","CPU IA Cores [°C]","CPU GT Cores (Graphics) [°C]","VR VCC Current (SVID IOUT) [A]","CPU Package Power [W]","IA Cores Power [W]","GT Cores Power [W]","Total System Power [W]","System Agent Power [W]","Rest-of-Chip Power [W]","PL1 Power Limit (Static) [W]","PL1 Power Limit (Dynamic) [W]","PL2 Power Limit (Static) [W]","PL2 Power Limit (Dynamic) [W]","Current cTDP Level []","Package C2 Residency [%]","Package C3 Residency [%]","Core C0 Residency (avg) [%]","Core 0 T0 C0 Residency [%]","Core 0 T1 C0 Residency [%]","Core 1 T0 C0 Residency [%]","Core 1 T1 C0 Residency [%]","Core 2 T0 C0 Residency [%]","Core 2 T1 C0 Residency [%]","Core 3 T0 C0 Residency [%]","Core 3 T1 C0 Residency [%]","Core 4 T0 C0 Residency [%]","Core 4 T1 C0 Residency [%]","Core 5 T0 C0 Residency [%]","Core 5 T1 C0 Residency [%]","Core 6 T0 C0 Residency [%]","Core 6 T1 C0 Residency [%]","Core 7 T0 C0 Residency [%]","Core 7 T1 C0 Residency [%]","Core C7 Residency (avg) [%]","Core 0 C7 Residency [%]","Core 1 C7 Residency [%]","Core 2 C7 Residency [%]","Core 3 C7 Residency [%]","Core 4 C7 Residency [%]","Core 5 C7 Residency [%]","Core 6 C7 Residency [%]","Core 7 C7 Residency [%]","Memory Clock [MHz]","Memory Clock Ratio [x]","Tcas [T]","Trcd [T]","Trp [T]","Tras [T]","Trc [T]","Trfc [T]","Command Rate [T]","Gear Mode []","IA Limit Reasons (avg) [Yes/No]","IA: PROCHOT [Yes/No]","IA: Thermal Event [Yes/No]","IA: Residency State Regulation [Yes/No]","IA: Running Average Thermal Limit [Yes/No]","IA: VR Thermal Alert [Yes/No]","IA: VR TDC [Yes/No]","IA: Electrical Design Point/Other (ICCmax PL4 SVID DDR RAPL) [Yes/No]","IA: Package-Level RAPL/PBM PL1 [Yes/No]","IA: Package-Level RAPL/PBM PL2 PL3 [Yes/No]","IA: Max Turbo Limit [Yes/No]","IA: Turbo Attenuation (MCT) [Yes/No]","GT Limit Reasons (avg) [Yes/No]","GT: PROCHOT [Yes/No]","GT: Thermal Event [Yes/No]","GT: DDR RAPL [Yes/No]","GT: Residency State Regulation [Yes/No]","GT: Running Average Thermal Limit [Yes/No]","GT: VR Thermal Alert [Yes/No]","GT: VR TDC [Yes/No]","GT: Max VR Voltage  ICCmax  PL4 [Yes/No]","GT: Domain-Level PBM PLGT [Yes/No]","GT: Package-Level RAPL/PBM PL1 [Yes/No]","GT: Package-Level RAPL/PBM PL2 PL3 [Yes/No]","GT: Inefficient Operation [Yes/No]","GT: Fuses limit [Yes/No]","Ring Limit Reasons (avg) [Yes/No]","RING: PROCHOT [Yes/No]","RING: Thermal Event [Yes/No]","RING: DDR RAPL [Yes/No]","RING: Residency State Regulation [Yes/No]","RING: Running Average Thermal Limit [Yes/No]","RING: VR Thermal Alert [Yes/No]","RING: VR TDC [Yes/No]","RING: Max VR Voltage  ICCmax  PL4 [Yes/No]","RING: Package-Level RAPL/PBM PL1 [Yes/No]","RING: Package-Level RAPL/PBM PL2 PL3 [Yes/No]","PCH Temperature [°C]","Drive Temperature [°C]","Drive Temperature 2 [°C]","Drive Temperature 3 [°C]","Drive Remaining Life [%]","Drive Available Spare [%]","Drive Failure [Yes/No]","Drive Warning [Yes/No]","Total Host Writes [GB]","Total Host Reads [GB]","Read Activity [%]","Write Activity [%]","Total Activity [%]","Read Rate [MB/s]","Write Rate [MB/s]","Read Total [MB]","Write Total [MB]","GPU Temperature [°C]","GPU Hot Spot Temperature [°C]","GPU Thermal Limit [°C]","GPU Core Voltage [V]","GPU Rail Voltages (avg) [V]","GPU FBVDD Input Voltage [V]","GPU 8-pin #1 Input Voltage [V]","GPU Power [W]","GPU Rail Powers (avg) [W]","GPU Core (NVVDD) Input Power (sum) [W]","GPU FBVDD Input Power [W]","GPU 8-pin #1 Input Power [W]","GPU PCIe +3.3V Input Power (est) [W]","GPU Core (NVVDD2) Input Power (sum) [W]","GPU Input PP Source Power (sum) [W]","GPU Core (NVVDD) Output Power [W]","GPU Core (NVVDD) Output Power [W]","GPU Power Limit (rated) [W]","GPU Power Limit (max) [W]","GPU Clock [MHz]","GPU Memory Clock [MHz]","GPU Video Clock [MHz]","GPU Effective Clock [MHz]","GPU Crossbar Clock [MHz]","GPU System Domain Clock [MHz]","GPU Clock (measured) [MHz]","GPU Memory Clock (measured) [MHz]","GPU Crossbar Clock (measured) [MHz]","GPU Core Load [%]","GPU Memory Controller Load [%]","GPU Video Engine Load [%]","GPU Bus Load [%]","GPU Memory Usage [%]","GPU D3D Usages (avg) [%]","GPU D3D Usage [%]","GPU Video Decode 0 Usage [%]","GPU Video Decode 1 Usage [%]","GPU Video Encode 0 Usage [%]","GPU VR Usage [%]","GPU Performance Limiters (avg) [Yes/No]","Performance Limit - Power [Yes/No]","Performance Limit - Thermal [Yes/No]","Performance Limit - Reliability Voltage [Yes/No]","Performance Limit - Max Operating Voltage [Yes/No]","Performance Limit - Utilization [Yes/No]","Performance Limit - SLI GPUBoost Sync [Yes/No]","PCI Express Error Counters (avg) []","Receiver Errors []","Replay Count []","Replay Rollover Count []","Bad DLLP Count []","Bad TLP Count []","LCRC Error Count []","NAKs Sent Count []","NAKs Received Count []","Recovery Count []","Correctable Error Count []","Non-Fatal Error Count []","Fatal Error Count []","Unsupported Request Count []","PCIe Lane 0 Errors []","PCIe Lane 1 Errors []","PCIe Lane 2 Errors []","PCIe Lane 3 Errors []","PCIe Lane 4 Errors []","PCIe Lane 5 Errors []","PCIe Lane 6 Errors []","PCIe Lane 7 Errors []","PCIe Lane 8 Errors []","PCIe Lane 9 Errors []","PCIe Lane 10 Errors []","PCIe Lane 11 Errors []","PCIe Lane 12 Errors []","PCIe Lane 13 Errors []","PCIe Lane 14 Errors []","PCIe Lane 15 Errors []","GPU Memory Available [MB]","GPU Memory Allocated [MB]","GPU D3D Memory Dedicated [MB]","GPU D3D Memory Dynamic [MB]","PCIe Link Speed [GT/s]","GPU Core Temperature [°C]","iGPU VID [V]","IGPU Power [W]","GPU Clock [MHz]","GPU Memory Clock [MHz]","GPU Total Usage [%]","GPU Computing Usage [%]","GPU Media Engine Usage [%]","GPU D3D Utilizations (avg) [%]","GPU D3D Usage [%]","GPU Video Decode 0 Usage [%]","GPU Video Decode 1 Usage [%]","GPU Video Processing 0 Usage [%]","GPU Copy Engine Usage [%]","GPU Memory Usage [%]","GPU Memory Allocated [MB]","GPU Memory Available [MB]","GPU D3D Memory Dynamic [MB]","GPU Throttle Reasons (avg) [Yes/No]","Avg. Power (PL1) [Yes/No]","Burst Power (PL2) [Yes/No]","Current (PL4) [Yes/No]","Thermal [Yes/No]","Power Supply [Yes/No]","Software Limit [Yes/No]","Hardware Limit [Yes/No]","Battery Voltage [V]","Remaining Capacity [Wh]","Charge Level [%]","Charge Rate [W]","Wear Level [%]","Estimated Remaining Time [mins]","Framerate Presented (avg) [FPS]","Framerate Presented (99%) [FPS]","Framerate Presented (1%) [FPS]","Framerate Presented (0.1%) [FPS]","Framerate Presented (1% low) [FPS]","Framerate Presented (0.1% low) [FPS]","Framerate Displayed (avg) [FPS]","Framerate Displayed (99%) [FPS]","Framerate Displayed (1%) [FPS]","Framerate Displayed (0.1%) [FPS]","Framerate Displayed (1% low) [FPS]","Framerate Displayed (0.1% low) [FPS]","Frame Time Presented (avg) [ms]","Frame Time Presented (99%) [ms]","Frame Time Presented (1%) [ms]","Frame Time Presented (0.1%) [ms]","Frame Time Displayed (1% high) [ms]","Frame Time Displayed (0.1% high) [ms]","GPU Busy (avg) [ms]","GPU Wait (avg) [ms]","CPU Busy (avg) [ms]","CPU Wait (avg) [ms]","Animation Error (avg) [ms]","Total DL [MB]","Total UP [MB]","Current DL rate [KB/s]","Current UP rate [KB/s]","Total DL [MB]","Total UP [MB]","Current DL rate [KB/s]","Current UP rate [KB/s]","Total Errors []",
13.9.2026,21:46:7.309,6711,30839,17.8,6814,25617,21.0,0.0,5120,0,1.064,0.670,1.305,1.282,1.300,0.680,1.300,0.657,1.320,1.031,0.716,3454.1,1197.1,4888.0,4888.0,4888.0,997.6,4888.0,997.6,4888.0,99.8,3990.2,99.8,71.8,182.8,8.9,93.4,63.0,55.5,23.4,26.0,50.1,33.5,62.7,139.9,72.9,48.0,113.9,104.2,69.8,71.8,2.9,5.0,1.0,2.2,2.2,1.9,0.0,1.7,1.8,0.0,12.3,4.1,2.8,2.9,3.8,3.1,1.9,12.3,2.9,100.0,3.1,7.8,0.4,4.0,2.7,2.5,1.0,1.2,2.3,1.4,2.4,5.9,3.0,2.1,4.8,4.5,2.9,3.1,34.6,12.0,49.0,49.0,49.0,10.0,49.0,10.0,49.0,40.0,48,50,48,47,48,47,50,49,48,52,50,52,53,52,53,50,51,52,53,50,No,No,No,No,No,No,No,No,No,No,No,No,No,No,No,No,No,No,No,No,No,No,No,No,No,No,No,No,No,No,52,51,50,10.254,9.651,5.498,0.447,33.723,0.808,0.486,85.0,60.0,125.0,65.0,0,61.7,0.0,2.2,5.1,0.2,3.1,2.3,2.0,0.9,1.0,1.9,0.8,1.3,4.1,2.1,1.5,3.1,3.2,2.0,92.0,86.8,91.3,94.7,94.7,97.6,90.7,90.0,90.3,1330.1,13.33,19,19,19,43,62,467,2,1,Yes,No,No,No,No,No,No,Yes,No,No,Yes,No,Yes,No,No,No,No,No,No,No,Yes,No,No,No,No,No,Yes,No,No,No,No,No,No,No,Yes,No,No,67.0,59,59,66,97.0,100.0,No,No,16291,13114,0.0,0.0,0.0,0.000,0.000,5297,7273,52.0,61.8,87.0,0.619,14.522,14.497,14.548,6.624,2.766,0.436,0.029,0.466,12.000,0.436,6.133,0.625,2.000,40.000,40.000,210.0,101.2,555.0,9.7,600.0,525.0,177.8,84.9,524.9,0.0,0.0,0.0,0.0,3.3,0.0,0.0,0.0,0.0,0.0,0.0,Yes,No,No,No,No,Yes,No,0,0,0,0,0,0,0,0,0,0,0,0,0,0,0,0,0,0,0,0,0,0,0,0,0,0,0,0,0,0,3962,134,4,5,2.5,49,0.690,0.447,550.0,1330.0,2.4,1.2,0.0,0.7,3.6,0.0,0.0,0.0,0.0,3.2,520,15695,520,No,No,No,No,No,No,No,No,14.678,29.876,42.0,-32.248,24.5,55.6,48.8,64.6,8.7,5.2,5.0,5.0,48.8,60.5,8.8,5.2,5.0,5.0,20.49,114.55,15.52,15.31,200.63,200.63,0.40,0.00,20.34,0.15,7.97,1330,23,2.8,0.2,0,0,0.0,0.0,0,
13.9.2026,21:46:9.298,6738,30813,17.9,6836,25595,21.0,0.0,5120,0,0.922,1.165,0.910,1.077,0.992,0.880,0.672,0.915,0.767,1.031,0.848,3154.8,4588.8,3291.9,4189.8,3790.7,3092.4,798.0,3391.7,2094.9,99.8,3990.2,99.8,189.1,218.2,31.3,326.3,168.1,228.5,106.8,203.4,244.9,136.6,143.1,280.7,185.2,143.0,262.9,193.3,153.2,189.1,7.1,6.8,2.5,10.4,5.4,6.7,7.0,6.9,6.7,20.9,3.9,8.6,5.6,3.5,7.3,6.1,4.6,20.9,7.1,100.0,7.8,9.2,1.3,13.5,7.1,9.3,4.6,8.4,10.2,5.6,5.6,11.5,7.7,6.0,10.9,8.1,6.3,7.8,31.6,46.0,33.0,42.0,38.0,31.0,8.0,34.0,21.0,40.0,50,49,49,46,51,48,53,50,50,50,51,51,54,49,52,47,50,50,53,53,No,No,No,No,No,No,No,No,No,No,No,No,No,No,No,No,No,No,No,No,No,No,No,No,No,No,No,No,No,No,75,75,51,18.867,8.526,4.064,0.690,32.079,0.866,0.456,85.0,60.0,125.0,65.0,0,41.7,0.0,5.8,6.9,1.0,9.8,5.6,6.9,3.6,6.3,7.6,3.7,4.0,8.7,5.7,4.4,7.4,6.3,4.7,79.2,86.0,73.5,79.5,76.1,91.3,75.8,75.9,75.8,1064.1,10.67,15,15,15,35,62,374,1,2,Yes,No,No,No,No,No,No,Yes,No,No,Yes,No,Yes,No,No,No,No,No,No,No,Yes,No,No,No,No,No,Yes,No,No,No,No,No,No,No,Yes,No,No,67.0,60,60,67,97.0,100.0,No,No,16291,13114,0.1,0.1,0.1,0.016,0.071,5297,7274,52.0,62.3,87.0,0.619,14.447,14.422,14.472,6.605,2.778,0.481,0.014,0.492,12.000,0.481,6.121,0.619,2.013,40.000,40.000,210.0,101.2,555.0,9.8,600.0,525.0,209.9,101.0,600.1,0.0,0.0,0.0,0.0,3.3,0.0,0.0,0.0,0.0,0.0,0.0,Yes,No,No,No,No,Yes,No,0,0,0,0,0,0,0,0,0,0,0,0,0,0,0,0,0,0,0,0,0,0,0,0,0,0,0,0,0,0,3962,134,4,5,2.5,51,0.645,0.690,100.0,1596.0,4.7,3.2,0.0,1.2,5.8,0.0,0.0,0.0,0.0,3.2,518,15697,518,No,No,No,No,No,No,No,No,14.646,29.876,42.0,-35.048,24.5,51.1,48.9,64.1,8.7,5.2,5.0,5.0,48.8,60.8,8.8,5.2,5.0,5.0,20.46,114.75,15.58,15.56,200.74,200.74,0.47,0.04,20.29,0.17,8.05,1330,23,3.0,9.9,0,0,0.0,0.0,0,
13.9.2026,21:46:11.309,6756,30795,17.9,6846,25584,21.1,0.0,5120,0,0.860,0.667,0.805,0.772,1.305,0.685,0.745,0.935,0.965,1.031,0.716,2593.7,1197.1,2394.1,2294.4,4888.0,997.6,1895.4,3491.5,3591.2,99.8,3990.2,99.8,178.5,312.7,134.5,232.8,162.5,121.2,129.0,241.3,161.2,102.2,122.1,228.3,160.8,162.5,234.6,195.1,155.7,178.5,4.8,9.3,0.6,7.5,5.9,3.5,2.7,7.8,6.3,0.0,0.0,6.6,5.0,5.4,6.0,6.0,4.9,9.3,4.8,100.0,7.3,12.9,5.3,9.8,6.8,5.0,5.3,9.6,6.2,4.0,4.8,9.3,6.7,6.7,9.7,8.0,6.4,7.3,26.0,12.0,24.0,23.0,49.0,10.0,19.0,35.0,36.0,40.0,50,51,49,47,52,48,54,50,49,50,49,51,53,48,52,46,50,51,53,54,No,No,No,No,No,No,No,No,No,No,No,No,No,No,No,No,No,No,No,No,No,No,No,No,No,No,No,No,No,No,58,58,50,14.356,12.410,7.944,0.600,36.970,0.897,0.569,85.0,60.0,125.0,65.0,0,38.4,0.0,5.4,9.2,3.6,7.5,5.2,4.2,4.2,7.8,5.0,2.5,3.1,7.3,5.0,4.7,6.8,6.0,4.9,83.2,83.1,75.9,84.3,85.0,95.3,77.9,81.4,82.4,1064.1,10.67,15,15,15,35,62,374,1,2,Yes,No,No,No,No,No,No,Yes,No,No,Yes,No,Yes,No,No,No,No,No,No,No,Yes,No,No,No,No,No,Yes,No,No,No,No,No,No,No,Yes,No,No,67.0,60,60,67,97.0,100.0,No,No,16291,13114,0.0,0.2,0.2,0.000,0.071,5297,7274,51.9,61.9,87.0,0.619,14.539,14.512,14.567,6.693,2.813,0.500,0.087,0.583,12.000,0.500,6.196,0.624,2.013,40.000,40.000,210.0,101.2,555.0,9.9,600.0,525.0,112.1,53.4,321.5,0.0,0.0,0.0,0.0,3.9,0.0,0.0,0.0,0.0,0.0,0.0,Yes,No,No,No,No,Yes,No,0,0,0,0,0,0,0,0,0,0,0,0,0,0,0,0,0,0,0,0,0,0,0,0,0,0,0,0,0,0,3936,160,30,5,2.5,51,0.687,0.600,550.0,1596.0,5.7,3.5,0.0,1.5,7.4,0.0,0.0,0.0,0.0,3.2,515,15700,515,No,No,No,No,No,No,No,No,14.612,29.876,42.0,-36.808,24.5,48.7,48.8,77.9,8.6,5.2,5.0,5.0,48.8,60.8,8.8,5.2,5.0,5.0,20.47,116.89,12.96,11.72,200.63,200.63,0.37,0.00,20.25,0.22,8.46,1330,23,7.3,0.2,0,0,0.0,0.0,0,
13.9.2026,21:46:13.321,6745,30805,17.9,6847,25583,21.1,0.0,5120,0,1.222,1.292,1.302,1.282,1.302,1.305,0.695,1.275,1.320,1.031,0.848,4439.1,4987.8,4888.0,4888.0,4888.0,4987.8,1097.3,4888.0,4888.0,99.8,3990.2,99.8,105.0,233.6,24.0,138.7,107.7,98.1,63.7,83.2,50.4,55.1,101.7,124.9,111.9,56.6,173.2,141.7,114.9,105.0,3.2,6.1,2.4,4.0,2.8,0.0,0.0,1.5,0.5,18.5,0.9,4.3,3.7,0.0,0.0,3.6,2.6,18.5,3.2,100.0,4.5,9.9,1.1,6.1,4.6,4.3,2.8,3.5,2.6,2.2,4.0,5.3,4.8,2.4,7.1,5.9,4.8,4.5,44.5,50.0,49.0,49.0,49.0,50.0,11.0,49.0,49.0,40.0,48,50,47,46,50,46,50,47,47,52,50,53,54,50,54,50,53,53,53,50,No,No,No,No,No,No,No,No,No,No,No,No,No,No,No,No,No,No,No,No,No,No,No,No,No,No,No,No,No,No,61,61,50,15.586,11.646,7.276,0.586,36.248,0.836,0.550,85.0,60.0,125.0,65.0,0,42.5,0.0,3.3,6.8,0.8,4.9,3.6,3.5,2.3,3.0,1.9,1.4,2.3,4.2,3.8,1.8,4.8,4.4,3.4,86.7,83.3,83.1,81.0,91.5,95.9,89.5,83.5,86.3,1064.1,10.67,15,15,15,35,62,374,1,2,Yes,No,No,No,No,No,No,Yes,No,No,Yes,No,Yes,No,No,No,No,No,No,No,Yes,No,No,No,No,No,Yes,No,No,No,No,No,No,No,Yes,No,No,67.0,60,60,67,97.0,100.0,No,No,16291,13114,0.2,0.3,0.5,0.195,0.670,5297,7275,52.1,62.0,87.0,0.619,14.441,14.415,14.466,6.912,3.186,0.821,0.678,1.504,12.000,0.821,6.789,0.626,2.250,40.000,40.000,210.0,101.2,555.0,15.3,600.0,525.0,143.0,68.3,410.3,18.0,6.0,0.0,9.0,3.9,0.4,1.9,0.0,0.0,0.0,0.0,Yes,No,No,No,No,Yes,No,0,0,0,0,0,0,0,0,0,0,0,0,0,0,0,0,0,0,0,0,0,0,0,0,0,0,0,0,0,0,3936,160,30,5,2.5,51,0.690,0.586,550.0,1330.0,6.9,4.8,0.0,1.7,8.4,0.0,0.0,0.0,0.0,3.3,528,15687,529,No,No,No,No,No,No,No,No,14.668,29.876,42.0,-33.355,24.5,53.7,48.8,64.7,8.7,5.2,5.0,5.0,48.8,60.7,8.8,5.2,5.0,5.0,20.49,114.99,15.37,15.33,201.16,201.16,0.43,0.01,20.35,0.15,8.07,1330,23,3.8,6.7,0,0,0.0,0.0,0,
13.9.2026,21:46:15.312,7249,30302,19.3,7033,25397,21.6,0.0,5120,0,0.870,0.650,0.877,0.677,1.242,0.640,0.960,0.930,0.982,0.958,0.848,2668.5,997.6,3092.4,997.6,4688.5,798.0,3591.2,3491.5,3691.0,99.8,3691.0,99.8,452.0,791.0,129.8,957.1,365.8,548.3,388.8,420.5,544.3,665.9,168.2,488.2,309.7,419.1,459.8,332.9,242.2,452.0,14.3,21.0,4.2,25.7,9.8,20.9,16.8,12.8,15.0,16.6,13.6,14.3,9.0,13.8,18.8,9.8,6.4,25.7,14.3,100.0,17.9,31.2,4.7,38.2,14.9,21.9,15.7,17.1,21.4,24.6,6.7,19.8,12.8,17.0,18.8,13.2,9.0,17.9,26.8,10.0,31.0,10.0,47.0,8.0,36.0,35.0,37.0,37.0,67,57,72,59,86,77,62,63,63,33,43,28,41,14,23,38,37,37,93,86,No,No,No,No,No,No,No,No,No,No,No,No,No,No,No,No,No,No,Yes,Yes,Yes,Yes,Yes,Yes,Yes,Yes,Yes,No,No,Yes,81,81,51,1.641,10.056,5.679,0.584,35.102,0.856,0.520,85.0,60.0,125.0,65.0,0,15.7,0.0,12.6,21.0,3.9,25.8,10.0,15.5,11.1,12.3,14.8,16.9,4.3,14.5,9.1,12.1,13.2,10.3,7.2,58.1,61.0,47.8,55.0,50.1,77.2,56.1,56.0,61.8,1330.1,13.33,19,19,19,43,62,467,2,1,Yes,No,Yes,No,No,No,No,Yes,No,Yes,Yes,No,Yes,No,No,No,No,No,No,No,Yes,No,No,No,No,No,Yes,No,No,No,No,No,No,No,Yes,No,No,67.0,61,61,68,97.0,100.0,No,No,16291,13114,3.9,0.4,4.3,9.278,0.607,5315,7276,52.1,62.2,87.0,0.619,14.412,14.389,14.436,6.831,2.874,0.568,0.158,0.736,12.000,0.568,6.270,0.625,2.065,40.000,40.000,210.0,101.2,555.0,23.8,600.0,525.0,114.1,54.6,329.5,0.0,0.0,0.0,0.0,3.9,0.1,0.3,0.0,0.0,0.0,0.0,Yes,No,No,No,No,Yes,No,0,0,0,0,0,0,0,0,0,0,0,0,0,0,0,0,0,0,0,0,0,0,0,0,0,0,0,0,0,0,3936,160,30,5,2.5,51,0.690,0.584,550.0,1064.0,3.2,1.7,0.0,0.9,4.3,0.0,0.0,0.0,0.0,3.2,518,15697,518,No,No,No,No,No,No,No,No,14.109,29.876,42.0,-72.224,24.5,24.8,52.7,344.3,15.4,13.5,13.3,13.3,38.6,60.6,6.9,6.1,6.0,6.0,19.49,65.70,2.01,0.39,75.42,75.42,0.52,0.03,17.62,1.87,11.93,1330,23,0.4,0.3,0,0,0.0,0.0,0,
13.9.2026,21:46:17.314,7590,29961,20.2,7361,25070,22.6,0.0,5120,0,0.971,1.220,0.672,1.222,1.225,1.150,0.662,0.627,0.985,1.031,0.846,3104.9,4688.5,997.6,4688.5,4688.5,4489.0,798.0,798.0,3691.0,99.8,3990.2,99.8,467.7,2993.6,431.4,535.5,350.7,265.8,192.1,195.1,112.1,1255.4,217.2,203.2,266.3,96.9,78.9,180.6,109.4,467.7,10.9,65.2,9.9,14.3,6.2,6.9,6.2,5.0,3.6,27.9,2.3,6.1,7.5,2.0,1.2,6.0,3.8,65.2,10.9,100.0,18.5,115.8,17.2,21.2,13.9,10.6,7.6,7.9,5.3,47.6,8.5,8.5,11.1,4.3,3.4,7.9,4.9,18.5,31.1,47.0,10.0,47.0,47.0,45.0,8.0,8.0,37.0,40.0,66,97,53,67,54,87,56,62,51,34,3,47,33,46,13,44,38,49,97,97,Yes,Yes,No,No,No,Yes,No,No,No,No,No,No,No,No,No,No,No,No,No,No,No,No,No,No,No,No,No,Yes,No,No,89,89,54,27.481,22.236,17.659,0.294,52.180,0.989,0.720,85.0,60.0,125.0,65.0,0,0.0,0.0,11.4,65.1,9.5,14.3,8.9,7.6,5.4,5.6,3.9,28.2,5.0,5.9,7.3,3.2,2.6,5.7,3.4,70.5,18.2,70.9,77.6,82.2,66.2,79.9,86.4,82.2,1064.1,10.67,15,15,15,35,62,374,1,2,Yes,No,Yes,No,No,No,No,Yes,No,Yes,Yes,No,Yes,No,No,No,No,No,No,No,Yes,No,No,No,No,No,Yes,No,No,No,No,No,No,No,Yes,No,No,67.0,61,61,68,97.0,100.0,No,No,16291,13114,0.1,0.1,0.2,0.072,0.269,5315,7277,53.8,63.9,87.0,0.756,13.939,13.906,13.971,14.156,6.014,4.799,3.282,8.089,12.000,4.799,9.395,1.144,4.606,40.000,40.000,1357.0,1250.2,1192.0,611.9,1290.0,1147.0,1357.1,1248.6,1289.8,5.0,1.0,0.0,2.0,7.9,0.0,0.2,0.0,0.0,0.0,0.0,Yes,Yes,Yes,No,No,No,No,0,0,0,0,0,0,0,0,0,1,0,0,0,0,0,0,0,0,0,0,0,0,0,0,0,0,0,0,0,0,3773,323,193,46,16.0,54,0.642,0.294,100.0,1330.0,10.5,8.0,0.0,2.3,11.5,0.0,0.0,0.0,0.0,3.3,540,15674,541,No,No,No,No,No,No,No,No,14.260,29.537,41.5,-68.277,24.5,25.9,52.7,344.3,15.4,13.5,13.3,13.3,38.6,60.6,6.9,6.1,6.0,6.0,19.49,65.70,2.01,0.39,75.42,75.42,0.52,0.03,17.62,1.87,11.93,1330,23,6.1,0.2,0,0,0.0,0.0,0,
13.9.2026,21:46:19.322,7737,29813,20.6,7450,24980,22.9,0.0,5120,0,0.952,0.847,0.722,0.970,0.972,1.012,1.242,1.182,0.665,0.916,0.848,3267.0,2892.9,1695.9,3691.0,3691.0,3890.5,4688.5,4588.8,997.6,99.8,3491.5,99.8,429.9,4045.3,226.9,195.7,156.8,122.4,114.6,90.3,175.0,440.3,545.3,193.4,145.6,41.3,79.4,212.7,93.0,429.9,11.1,87.4,5.6,5.8,7.6,4.8,5.3,4.1,5.1,11.3,15.8,4.4,4.7,3.4,3.0,6.2,2.5,87.4,11.1,100.0,16.5,156.4,8.9,8.1,6.3,5.0,4.7,3.7,5.4,18.3,19.3,6.2,6.3,1.8,1.5,8.7,3.2,16.5,32.8,29.0,17.0,37.0,37.0,39.0,47.0,46.0,10.0,35.0,72,76,67,74,72,82,74,74,59,28,24,33,26,28,18,26,26,41,82,82,Yes,Yes,No,No,No,Yes,No,No,No,No,No,No,No,No,No,No,No,No,Yes,Yes,Yes,Yes,Yes,Yes,Yes,Yes,Yes,Yes,No,Yes,96,96,54,22.149,28.509,23.714,0.038,65.492,0.972,0.623,85.0,60.0,125.0,65.0,0,0.0,0.0,10.3,87.2,5.4,5.7,4.3,3.9,3.5,3.1,5.3,10.6,12.7,5.4,4.3,1.6,2.5,6.0,2.8,71.7,0.6,76.1,79.0,87.3,78.0,79.9,88.8,84.2,1064.1,10.67,15,15,15,35,62,374,1,2,Yes,No,Yes,No,No,No,No,Yes,No,Yes,Yes,No,No,No,No,No,No,No,No,No,No,No,No,No,No,No,Yes,No,No,No,No,No,No,No,Yes,No,No,67.0,61,61,68,97.0,100.0,No,No,16291,13114,0.1,0.7,0.8,0.065,0.589,5315,7278,53.3,63.1,87.0,0.619,14.233,14.211,14.254,11.628,2.741,0.356,0.014,0.371,12.000,0.356,6.115,0.643,2.070,40.000,40.000,240.0,101.2,555.0,1318.9,600.0,525.0,240.0,101.1,599.7,0.0,0.0,0.0,0.0,10.2,0.1,0.3,0.0,0.0,0.0,0.0,Yes,No,No,No,No,Yes,No,0,0,0,0,0,0,0,0,0,2,0,0,0,0,0,0,0,0,0,0,0,0,0,0,0,0,0,0,0,0,3677,419,290,46,2.5,53,0.687,0.038,550.0,1330.0,1.1,0.4,0.0,0.2,1.1,0.0,0.0,0.0,0.0,3.3,538,15677,539,No,No,No,No,No,No,No,No,14.345,29.537,41.5,-57.380,24.5,30.9,0.4,0.4,0.4,0.4,0.4,0.4,0.4,0.4,0.4,0.4,0.4,0.4,2784.28,2784.28,2784.28,2784.28,2784.28,2784.28,88.93,2366.34,2782.17,2.11,2799.35,1330,23,2.8,0.2,0,0,0.0,0.0,0,
13.9.2026,21:46:21.343,7766,29785,20.6,7482,24949,23.0,0.0,5120,0,0.664,0.650,0.652,0.670,0.665,0.677,0.695,0.635,0.667,0.676,0.846,960.2,997.6,798.0,798.0,997.6,997.6,1296.8,798.0,997.6,99.8,1296.8,99.8,394.1,1447.8,1193.5,195.6,164.9,163.3,102.4,218.5,111.2,237.7,1917.2,141.7,114.6,14.9,37.5,208.3,36.8,394.1,10.4,36.4,29.4,6.4,4.1,4.4,1.2,6.1,3.7,5.6,50.8,6.0,4.0,0.0,0.0,7.6,0.0,50.8,10.4,100.0,16.1,56.2,46.2,8.2,6.7,6.7,4.2,8.8,6.1,10.8,75.0,7.4,5.2,0.7,3.3,8.4,2.8,16.1,9.6,10.0,8.0,8.0,10.0,10.0,13.0,8.0,10.0,13.0,53,55,53,52,52,53,54,53,50,47,45,47,48,48,47,46,47,50,56,55,Yes,No,No,No,No,Yes,No,No,No,No,No,No,No,No,No,No,No,No,Yes,Yes,Yes,Yes,Yes,No,No,No,No,Yes,No,Yes,93,93,54,13.125,26.409,22.395,0.016,53.651,0.947,0.562,85.0,60.0,125.0,65.0,0,0.0,0.0,11.0,36.5,29.7,7.2,5.4,5.0,3.1,6.6,3.7,5.6,50.5,5.3,4.4,1.2,1.4,8.3,1.6,72.7,32.9,77.7,81.7,85.2,41.9,82.3,93.8,86.2,1064.1,10.67,15,15,15,35,62,374,1,2,Yes,Yes,Yes,No,No,No,No,Yes,No,Yes,Yes,No,Yes,Yes,No,No,No,No,No,No,Yes,No,No,No,No,No,Yes,Yes,No,No,No,No,No,No,Yes,No,No,67.0,61,61,68,97.0,100.0,No,No,16291,13114,0.1,0.1,0.2,0.073,0.228,5315,7278,53.6,63.7,87.0,0.619,14.056,14.028,14.084,7.306,3.167,1.009,0.491,1.493,12.000,1.009,6.595,0.648,2.092,40.000,40.000,240.0,101.2,555.0,49.7,600.0,525.0,172.3,71.8,434.4,0.0,0.0,0.0,0.0,13.3,0.9,4.6,0.0,0.0,0.0,0.0,Yes,No,No,No,No,Yes,No,0,0,0,0,0,0,0,0,0,2,0,0,0,0,0,0,0,0,0,0,0,0,0,0,0,0,0,0,0,0,3551,545,416,92,2.5,54,0.675,0.016,500.0,1330.0,0.9,0.3,0.0,0.2,1.0,0.0,0.0,0.0,0.0,3.3,538,15677,539,No,No,No,No,No,No,No,No,14.623,29.537,41.5,0.000,24.5,30.9,0.4,0.4,0.4,0.4,0.4,0.4,0.4,0.4,0.4,0.4,0.4,0.4,2784.28,2784.28,2784.28,2784.28,2784.28,2784.28,88.93,2366.34,2782.17,2.11,2799.35,1330,23,2.7,0.2,0,0,0.0,0.0,0,
13.9.2026,21:46:23.324,7769,29782,20.6,7479,24952,23.0,0.0,5120,0,0.874,1.142,0.860,0.847,0.850,0.850,0.940,0.772,0.732,0.661,0.846,2955.3,4489.0,2892.9,2892.9,2892.9,2892.9,3491.5,2394.1,1695.9,99.8,399.0,99.8,318.7,1504.6,653.0,200.0,135.7,220.3,122.7,139.9,81.7,1110.8,246.5,123.4,107.5,62.1,82.2,236.1,72.7,318.7,16.8,61.2,24.7,12.4,8.9,13.1,9.4,10.6,7.5,55.1,11.1,7.4,8.5,6.1,7.9,18.3,7.3,61.2,16.8,100.0,12.6,58.4,25.4,8.4,5.6,9.1,4.9,5.7,3.3,42.9,9.7,5.0,4.8,2.7,3.4,9.6,3.0,12.6,29.6,45.0,29.0,29.0,29.0,29.0,35.0,24.0,17.0,4.0,60,88,53,62,55,59,57,56,52,40,12,47,38,45,41,43,44,48,88,88,No,No,No,No,No,No,No,No,No,No,No,No,No,No,No,No,No,No,No,No,No,No,No,No,No,No,No,No,No,No,56,56,52,8.613,26.254,22.225,0.006,52.793,0.939,0.604,85.0,60.0,125.0,65.0,0,0.0,0.0,16.4,61.0,24.6,12.6,8.3,13.9,8.2,10.8,7.0,54.7,10.7,7.8,8.6,5.5,5.3,18.4,4.6,62.4,11.1,73.1,73.8,80.9,28.0,76.7,85.3,70.3,1596.1,16.00,22,22,22,52,62,560,1,2,Yes,Yes,No,No,No,No,No,Yes,No,No,Yes,No,Yes,Yes,No,No,No,No,No,No,Yes,No,No,No,No,No,Yes,Yes,No,No,No,No,No,No,Yes,No,No,67.0,61,61,68,97.0,100.0,No,No,16291,13114,0.1,0.2,0.2,0.044,0.216,5315,7279,53.7,63.6,87.0,0.619,19.765,19.710,19.820,6.907,2.657,0.117,0.020,0.139,12.000,0.117,6.124,0.649,2.092,40.000,40.000,210.0,101.2,555.0,29.4,600.0,525.0,45.0,85.4,512.5,0.0,0.0,0.0,0.0,13.3,0.0,0.0,0.0,0.0,0.0,0.0,Yes,No,No,No,No,Yes,No,0,0,0,0,0,0,0,0,0,2,0,0,0,0,0,0,0,0,0,0,0,0,0,0,0,0,0,0,0,0,3551,545,416,92,2.5,51,0.645,0.006,100.0,1330.0,1.9,0.8,0.0,0.4,1.9,0.0,0.0,0.0,0.0,3.3,538,15677,539,No,No,No,No,No,No,No,No,15.015,29.460,41.4,0.000,24.5,30.9,0.4,0.4,0.4,0.4,0.4,0.4,0.4,0.4,0.4,0.4,0.4,0.4,2784.28,2784.28,2784.28,2784.28,2784.28,2784.28,88.93,2366.34,2782.17,2.11,2799.35,1330,23,3.0,0.2,0,0,0.0,0.0,0,
13.9.2026,21:46:25.337,8897,28654,23.6,7809,24622,24.0,0.0,5120,0,1.209,1.137,1.240,1.222,1.227,1.225,1.160,1.217,1.242,1.031,0.846,4638.7,4489.0,4688.5,4688.5,4688.5,4688.5,4489.0,4688.5,4688.5,99.8,3990.2,99.8,538.7,1990.1,1044.9,376.8,275.8,351.9,295.8,413.9,262.8,1297.8,528.3,394.1,327.5,308.8,156.8,412.8,180.5,538.7,13.7,44.7,24.6,10.7,7.9,10.0,8.9,11.5,7.3,31.5,11.8,10.8,9.6,9.3,5.0,11.5,4.2,44.7,13.7,100.0,21.4,77.4,40.6,15.4,11.2,14.5,12.4,16.6,10.8,50.3,20.3,16.1,13.7,12.6,6.5,16.9,7.6,21.4,46.5,45.0,47.0,47.0,47.0,47.0,45.0,47.0,47.0,40.0,67,65,66,68,60,93,60,69,54,33,35,34,32,40,7,40,31,46,93,93,Yes,No,No,No,No,Yes,No,No,No,No,No,No,No,No,No,No,No,No,No,No,No,No,No,No,No,No,No,Yes,No,No,73,73,55,30.352,12.309,8.547,0.016,6.501,0.779,0.607,85.0,60.0,125.0,65.0,0,0.0,0.0,13.4,44.3,24.7,10.3,7.5,9.5,8.4,11.0,6.8,31.5,11.5,10.2,9.0,8.8,4.6,11.2,5.1,57.8,24.6,62.2,58.1,70.0,50.1,61.6,70.7,64.9,1064.1,10.67,15,15,15,35,62,374,1,2,Yes,No,Yes,No,No,No,No,Yes,No,No,Yes,No,Yes,No,No,No,No,No,No,No,Yes,No,No,No,No,No,Yes,No,No,No,No,No,No,No,Yes,No,No,67.0,61,61,68,97.0,100.0,No,No,16291,13114,2.2,0.5,2.7,1.360,0.988,5318,7281,54.0,63.8,87.0,0.619,19.566,19.523,19.609,6.477,3.686,0.917,1.738,2.647,12.000,0.917,7.842,0.654,2.772,40.000,40.000,210.0,101.2,555.0,24.3,600.0,525.0,210.0,101.0,600.0,10.0,7.0,0.0,4.0,17.4,1.1,5.3,0.0,0.0,0.0,0.0,Yes,No,No,No,No,Yes,No,0,0,0,0,0,0,0,0,0,2,0,0,0,0,0,0,0,0,0,0,0,0,0,0,0,0,0,0,0,0,3385,711,591,93,2.5,55,0.687,0.016,550.0,1596.0,1.8,0.8,0.0,0.4,1.8,0.0,0.0,0.0,0.0,3.3,538,15677,539,No,No,No,No,No,No,No,No,15.092,29.460,41.4,4.211,24.5,30.9,0.4,0.4,0.4,0.4,0.4,0.4,0.4,0.4,0.4,0.4,0.4,0.4,2784.28,2784.28,2784.28,2784.28,2784.28,2784.28,88.93,2366.34,2782.17,2.11,2799.35,1330,23,9.6,17.0,0,0,0.0,0.0,0,
13.9.2026,21:46:27.323,9058,28492,24.1,7975,24456,24.5,0.0,5120,0,1.283,1.175,1.325,1.300,1.317,1.275,1.250,1.287,1.332,1.031,0.711,4825.7,4588.8,4888.0,4888.0,4888.0,4888.0,4688.5,4888.0,4888.0,99.8,3990.2,99.8,434.1,2407.5,1348.4,220.1,264.1,129.9,134.0,101.5,160.1,97.6,1132.3,153.9,220.6,107.2,114.1,221.5,133.6,434.1,9.6,51.2,29.5,5.0,5.9,3.8,2.8,2.5,3.6,3.0,23.6,3.5,5.0,2.5,2.6,5.2,4.6,51.2,9.6,100.0,17.0,93.2,52.1,9.0,10.5,5.3,5.0,4.2,6.4,3.9,44.1,6.4,8.9,4.4,4.6,8.9,5.3,17.0,48.4,46.0,49.0,49.0,49.0,49.0,47.0,49.0,49.0,40.0,70,77,71,70,67,63,87,64,61,30,23,29,30,33,37,13,36,39,77,87,Yes,Yes,No,No,No,Yes,No,No,No,No,No,No,No,No,No,No,No,No,No,No,No,No,No,No,No,No,No,Yes,No,No,91,91,55,31.172,30.646,25.976,0.014,1.974,1.065,0.762,85.0,75.0,125.0,98.0,0,0.0,0.0,9.4,51.0,28.8,4.9,5.8,3.0,3.0,2.4,3.6,2.1,23.9,3.5,5.2,2.5,2.5,5.1,3.0,75.7,16.0,80.0,83.9,90.4,73.3,83.5,90.7,88.0,1596.1,16.00,22,22,22,52,62,560,1,2,Yes,No,Yes,No,No,No,No,Yes,No,No,Yes,No,No,No,No,No,No,No,No,No,No,No,No,No,No,No,No,No,No,No,No,No,No,No,No,No,No,67.0,61,61,68,97.0,100.0,No,No,16291,13114,0.2,0.1,0.3,0.342,0.319,5319,7281,56.1,66.2,87.0,0.825,19.523,19.483,19.562,15.547,6.371,5.197,3.332,8.549,12.000,5.197,9.455,1.445,5.792,40.000,40.000,1530.0,1375.2,1350.0,1441.3,1455.0,1290.0,1530.0,1373.8,1455.1,0.0,0.0,0.0,0.0,37.9,1.1,5.4,0.0,0.0,0.0,0.0,Yes,No,No,No,No,Yes,No,0,0,0,0,0,0,0,0,0,3,0,0,0,0,0,0,0,0,0,0,0,0,0,0,0,0,0,0,0,0,2542,1554,1425,113,16.0,55,0.672,0.014,500.0,1330.0,0.6,0.2,0.0,0.1,0.7,0.0,0.0,0.0,0.0,3.3,538,15677,539,No,No,No,No,No,No,No,No,15.193,29.460,41.4,11.759,24.5,30.9,0.4,0.4,0.4,0.4,0.4,0.4,0.4,0.4,0.4,0.4,0.4,0.4,2784.28,2784.28,2784.28,2784.28,2784.28,2784.28,88.93,2366.34,2782.17,2.11,2799.35,1330,23,5.5,14.6,0,0,0.0,0.0,0,
13.9.2026,21:46:29.339,10999,26551,29.2,9669,22762,29.8,0.0,5120,0,1.154,1.182,1.155,1.145,1.145,1.145,1.157,1.142,1.160,1.031,0.846,4501.5,4588.8,4489.0,4489.0,4489.0,4489.0,4489.0,4489.0,4489.0,99.8,3990.2,99.8,463.7,1968.7,547.7,295.6,672.8,264.4,281.0,111.6,740.2,514.2,496.9,269.1,407.3,108.0,149.0,391.1,201.9,463.7,8.9,40.9,10.9,5.9,14.2,3.8,2.8,2.0,15.3,5.1,10.2,5.3,8.8,2.0,2.9,8.1,3.9,40.9,8.9,100.0,18.4,77.0,20.8,12.0,26.7,10.8,11.9,4.6,29.2,20.0,18.7,10.9,17.2,4.6,6.2,15.7,8.2,18.4,45.1,46.0,45.0,45.0,45.0,45.0,45.0,45.0,45.0,40.0,66,97,59,69,60,75,58,59,54,34,3,41,31,40,25,42,41,46,97,97,No,No,No,No,No,No,No,No,No,No,No,No,No,No,No,No,No,No,No,No,No,No,No,No,No,No,No,No,No,No,84,84,57,35.274,30.661,26.095,0.005,1.969,0.994,0.600,85.0,75.0,125.0,98.0,0,0.0,0.0,10.0,41.1,11.6,6.5,14.7,5.8,6.2,2.5,15.8,10.8,10.4,5.8,9.0,2.5,3.5,8.7,4.5,66.4,41.7,45.0,67.2,72.2,77.9,72.6,85.6,69.4,1330.1,13.33,19,19,19,43,62,467,2,1,Yes,No,Yes,No,No,No,No,Yes,No,No,Yes,No,No,No,No,No,No,No,No,No,No,No,No,No,No,No,Yes,No,No,No,No,No,No,No,Yes,No,No,67.0,61,61,68,97.0,100.0,No,No,16291,13114,0.1,0.2,0.3,0.056,0.243,5319,7282,56.4,66.5,87.0,0.756,19.450,19.404,19.495,9.491,6.102,4.757,3.435,8.207,12.000,4.757,9.554,1.186,4.920,40.000,40.000,1357.0,1375.2,1192.0,190.3,1290.0,1147.0,1357.7,1374.0,1290.3,18.0,2.0,0.0,9.0,64.1,3.3,16.7,0.0,0.0,0.0,0.0,Yes,No,No,No,No,Yes,No,0,0,0,0,0,0,0,0,0,6,0,0,0,0,0,0,0,0,0,0,0,0,0,0,0,0,0,0,0,0,1470,2626,2511,113,16.0,57,0.682,0.005,550.0,1330.0,0.7,0.3,0.0,0.2,0.8,0.0,0.0,0.0,0.0,3.3,538,15677,541,No,No,No,No,No,No,No,No,15.288,29.475,41.4,20.578,24.5,30.9,0.4,0.4,0.4,0.4,0.4,0.4,0.4,0.4,0.4,0.4,0.4,0.4,2784.28,2784.28,2784.28,2784.28,2784.28,2784.28,88.93,2366.34,2782.17,2.11,2799.35,1330,23,0.4,1.2,0,0,0.0,0.0,0,
13.9.2026,21:46:31.348,11164,26387,29.7,9698,22733,29.9,0.0,5120,0,1.086,1.145,1.157,1.145,1.147,1.142,1.160,1.140,0.647,1.031,0.683,4027.6,4489.0,4489.0,4489.0,4489.0,4489.0,4489.0,4489.0,798.0,99.8,3990.2,99.8,448.3,2592.1,1044.7,320.9,256.0,155.5,105.3,107.4,166.6,1306.0,325.3,161.3,211.4,45.2,49.3,208.5,116.5,448.3,10.1,55.8,22.7,6.4,5.6,3.6,5.4,2.5,3.8,29.6,7.4,3.7,5.1,1.2,1.3,4.9,2.0,55.8,10.1,100.0,17.7,100.2,40.8,13.0,10.3,6.4,4.4,4.3,6.8,50.4,13.2,6.6,9.0,1.9,2.1,8.4,4.7,17.7,40.4,45.0,45.0,45.0,45.0,45.0,45.0,45.0,8.0,40.0,67,97,65,69,65,62,61,58,57,33,3,35,31,35,38,39,42,43,97,97,Yes,Yes,No,No,No,Yes,No,No,No,No,No,No,No,No,No,No,No,No,No,No,No,No,No,No,No,No,No,Yes,No,No,96,96,58,22.149,31.796,26.308,0.010,1.970,1.290,1.044,85.0,75.0,125.0,98.0,0,0.0,0.0,9.8,55.6,22.4,7.2,5.6,3.5,2.4,2.5,3.8,28.0,7.0,3.6,5.0,1.1,1.2,4.9,2.7,72.8,13.9,76.5,84.1,86.1,62.2,79.5,95.2,84.9,1596.1,16.00,22,22,22,52,62,560,1,2,Yes,No,Yes,No,No,No,No,No,No,No,Yes,No,No,No,No,No,No,No,No,No,No,No,No,No,No,No,No,No,No,No,No,No,No,No,No,No,No,67.0,60,60,67,97.0,100.0,No,No,16291,13114,0.1,0.1,0.2,0.073,0.232,5319,7282,56.0,66.2,87.0,0.619,19.480,19.443,19.516,10.518,4.740,2.203,1.497,3.708,12.000,2.203,7.612,2.866,5.832,40.000,40.000,457.0,202.5,742.0,1357.5,802.0,712.0,457.5,202.1,802.9,0.0,0.0,0.0,0.0,85.9,0.8,4.0,0.0,0.0,0.0,0.0,Yes,No,No,No,No,Yes,No,0,0,0,0,0,0,0,0,0,7,0,0,0,0,0,0,0,0,0,0,0,0,0,0,0,0,0,0,0,0,579,3517,3389,114,5.0,58,0.670,0.010,500.0,1064.0,0.6,0.3,0.0,0.1,0.7,0.0,0.0,0.0,0.0,3.3,538,15677,539,No,No,No,No,No,No,No,No,15.349,29.475,41.4,26.324,24.5,30.9,0.4,0.4,0.4,0.4,0.4,0.4,0.4,0.4,0.4,0.4,0.4,0.4,2784.28,2784.28,2784.28,2784.28,2784.28,2784.28,88.93,2366.34,2782.17,2.11,2799.35,1330,23,2.8,0.2,0,0,0.0,0.0,0,
13.9.2026,21:46:33.348,11210,26341,29.8,9716,22715,29.9,0.0,5120,0,1.269,1.172,1.160,1.295,1.317,1.272,1.317,1.282,1.332,1.031,0.846,4800.8,4588.8,4489.0,4888.0,4888.0,4888.0,4888.0,4888.0,4888.0,99.8,3990.2,99.8,448.8,1667.6,1149.2,851.8,594.9,381.7,212.4,280.1,253.3,153.3,569.1,220.0,232.0,107.3,91.4,286.3,130.1,448.8,9.6,35.7,24.4,18.7,12.7,8.9,4.7,6.1,5.6,0.2,11.6,4.6,5.4,2.5,1.8,6.4,3.6,35.7,9.6,100.0,17.7,64.7,44.4,33.4,23.4,15.2,8.5,11.2,10.2,6.1,22.3,8.6,9.7,4.5,3.4,11.6,5.4,17.7,48.1,46.0,45.0,49.0,49.0,49.0,49.0,49.0,49.0,40.0,67,77,72,63,69,59,73,58,62,33,23,28,37,31,41,27,42,38,77,77,Yes,Yes,No,No,No,No,No,No,No,No,No,No,No,No,No,No,No,No,No,No,No,No,No,No,No,No,No,Yes,No,No,91,91,57,33.223,30.061,25.781,0.014,1.970,0.989,0.603,85.0,75.0,125.0,98.0,0,0.0,0.0,9.8,35.6,24.5,18.2,12.8,8.3,4.8,6.1,5.7,3.4,12.3,4.9,5.5,2.6,2.1,6.6,3.0,72.6,33.7,57.2,76.8,79.5,82.2,78.2,88.2,85.2,1596.1,16.00,22,22,22,52,62,560,1,2,Yes,No,Yes,No,No,No,No,Yes,No,No,Yes,No,No,No,No,No,No,No,No,No,No,No,No,No,No,No,No,No,No,No,No,No,No,No,No,No,No,68.0,60,60,67,97.0,100.0,No,No,16291,13114,0.2,0.4,0.6,0.171,0.571,5319,7283,55.8,66.0,87.0,0.619,19.478,19.450,19.507,6.696,3.414,1.135,0.953,2.107,12.000,1.135,7.074,0.680,2.225,40.000,40.000,217.0,101.2,555.0,116.1,600.0,525.0,213.7,101.0,599.8,0.0,0.0,0.0,0.0,89.2,1.7,8.3,0.0,0.0,0.0,0.0,Yes,No,No,No,No,Yes,No,0,0,0,0,0,0,0,0,0,8,0,0,0,0,0,0,0,0,0,0,0,0,0,0,0,0,0,0,0,0,444,3652,3524,114,2.5,57,0.685,0.014,550.0,1330.0,0.6,0.2,0.0,0.1,0.7,0.0,0.0,0.0,0.0,3.3,538,15677,539,No,No,No,No,No,No,No,No,15.469,29.506,41.4,36.136,24.5,30.9,0.4,0.4,0.4,0.4,0.4,0.4,0.4,0.4,0.4,0.4,0.4,0.4,2784.28,2784.28,2784.28,2784.28,2784.28,2784.28,88.93,2366.34,2782.17,2.11,2799.35,1330,23,6.4,0.2,0,0,0.0,0.0,0,
13.9.2026,21:46:35.343,11283,26267,30.0,9818,22613,30.2,0.0,5120,0,1.184,1.142,1.235,1.222,1.227,1.152,1.170,1.147,1.175,1.031,0.708,4563.8,4489.0,4688.5,4688.5,4688.5,4489.0,4489.0,4489.0,4489.0,99.8,3990.2,99.8,636.2,1715.6,1113.8,611.1,377.5,425.7,266.2,408.2,342.4,735.7,2316.7,320.1,426.9,333.4,136.4,371.0,277.7,636.2,14.1,38.0,25.1,13.8,8.6,9.1,5.6,9.5,8.0,20.2,50.9,7.1,9.1,5.6,2.3,7.5,4.7,50.9,14.1,100.0,24.5,66.9,43.5,24.5,15.2,17.0,11.1,16.2,14.2,26.1,89.2,12.5,16.1,11.9,5.0,13.0,9.2,24.5,45.8,45.0,47.0,47.0,47.0,45.0,45.0,45.0,45.0,40.0,80,92,61,71,61,97,89,79,92,20,8,39,29,39,3,11,21,8,92,97,Yes,Yes,No,No,Yes,Yes,Yes,No,No,No,No,No,No,No,No,No,No,No,Yes,Yes,Yes,Yes,Yes,Yes,Yes,Yes,Yes,Yes,No,Yes,80,80,57,23.789,29.945,25.694,0.015,1.970,1.012,0.578,85.0,75.0,125.0,98.0,0,0.0,0.0,14.3,37.6,24.7,13.6,8.5,9.6,6.2,9.2,7.9,16.5,51.0,7.3,9.8,7.7,3.3,8.7,6.5,62.3,37.0,62.4,70.8,69.3,35.2,70.3,78.9,75.1,1596.1,16.00,22,22,22,52,62,560,1,2,Yes,No,Yes,No,No,No,No,No,No,Yes,Yes,No,No,No,No,No,No,No,No,No,No,No,No,No,No,No,No,No,No,No,No,No,No,No,No,No,No,67.0,60,60,67,97.0,100.0,No,No,16291,13114,0.0,0.1,0.1,0.000,0.111,5319,7283,56.9,66.8,87.0,0.619,19.366,19.324,19.408,8.189,5.295,3.080,2.667,5.745,12.000,3.080,8.772,2.023,4.992,40.000,40.000,547.0,202.5,555.0,51.2,600.0,525.0,547.4,202.1,600.0,14.0,10.0,0.0,1.0,87.9,5.2,26.0,0.0,0.0,0.0,0.0,Yes,No,No,No,No,Yes,No,0,0,0,0,0,0,0,0,0,9,0,0,0,0,0,0,0,0,0,0,0,0,0,0,0,0,0,0,0,0,495,3601,3474,130,5.0,58,0.682,0.015,550.0,1330.0,0.7,0.3,0.0,0.1,0.7,0.0,0.0,0.0,0.0,3.3,538,15677,539,No,No,No,No,No,No,No,No,15.522,29.506,41.4,41.149,24.5,30.9,6.1,17.7,2.7,2.7,2.7,2.7,5.9,10.5,2.9,2.9,2.9,2.9,162.62,371.59,56.37,55.96,377.27,377.27,78.03,49.24,162.46,0.15,126.03,1330,23,2.7,0.3,0,0,0.0,0.0,0,
13.9.2026,21:46:37.352,11311,26240,30.1,9892,22539,30.5,0.0,5120,0,1.122,1.142,1.240,1.222,1.275,1.150,1.160,1.145,0.645,1.006,0.846,4114.9,4489.0,4688.5,4688.5,4788.3,4489.0,4489.0,4489.0,798.0,99.8,3890.5,99.8,882.0,2795.3,1019.2,607.0,706.1,723.2,587.3,650.4,751.8,2245.2,725.1,714.0,270.5,673.0,342.7,712.7,588.4,882.0,21.6,63.9,23.5,14.5,16.8,18.7,15.0,15.4,18.3,50.7,19.8,18.5,7.4,18.2,9.4,19.1,16.7,63.9,21.6,100.0,35.5,108.9,40.0,24.4,28.1,28.6,23.4,25.7,30.1,84.2,31.5,30.2,12.5,27.2,15.4,31.3,26.3,35.5,41.2,45.0,47.0,47.0,48.0,45.0,45.0,45.0,8.0,39.0,72,82,66,70,66,92,64,73,60,28,18,34,30,34,8,36,27,40,82,92,Yes,Yes,No,Yes,Yes,Yes,No,No,No,No,No,No,No,No,No,No,No,No,Yes,Yes,Yes,Yes,Yes,Yes,Yes,Yes,Yes,Yes,No,Yes,93,93,60,39.786,34.884,30.081,0.010,1.970,1.081,0.683,85.0,75.0,125.0,98.0,0,0.0,0.0,20.8,63.4,24.3,14.4,16.7,17.3,14.2,15.2,18.1,52.1,17.7,17.1,6.7,16.3,8.3,17.2,14.2,49.4,8.3,52.8,58.1,54.6,30.9,64.6,65.7,60.3,1330.1,13.33,19,19,19,43,62,467,2,1,Yes,No,Yes,No,No,No,No,No,No,Yes,Yes,No,No,No,No,No,No,No,No,No,No,No,No,No,No,No,No,No,No,No,No,No,No,No,No,No,No,67.0,60,60,67,97.0,100.0,No,No,16291,13114,0.0,0.4,0.4,0.031,0.924,5319,7285,62.7,72.8,87.0,0.756,19.075,19.027,19.122,34.912,15.048,26.806,2.778,29.601,12.000,26.806,8.892,2.655,10.848,40.000,40.000,1395.0,1375.2,1245.0,1438.9,1342.0,1192.0,1395.3,1373.9,1343.3,100.0,33.0,0.0,1.0,86.7,20.0,100.0,0.0,0.0,0.0,0.0,Yes,Yes,No,No,No,No,No,0,0,0,0,0,0,0,0,0,10,0,0,0,0,0,0,0,0,0,0,0,0,0,0,0,0,0,0,0,0,546,3550,3422,84,16.0,60,0.677,0.010,550.0,1596.0,0.6,0.3,0.0,0.1,0.7,0.0,0.0,0.0,0.0,3.3,538,15677,539,No,No,No,No,No,No,No,No,15.650,29.506,41.4,50.925,24.5,30.9,12.3,32.1,7.1,7.0,7.0,7.0,12.5,18.7,8.5,8.4,8.4,8.4,78.89,106.21,54.16,53.57,106.64,106.64,79.81,0.00,55.38,23.51,14.04,1330,23,2.4,0.2,0,0,0.0,0.0,0,
13.9.2026,21:46:39.355,11439,26112,30.4,10010,22421,30.8,0.0,5120,0,1.100,0.620,1.195,1.182,1.185,1.152,1.160,1.145,1.162,1.031,0.846,4065.1,798.0,4588.8,4588.8,4588.8,4489.0,4489.0,4489.0,4489.0,99.8,3990.2,99.8,369.7,2262.0,404.4,236.6,242.6,120.1,58.8,180.6,151.5,1148.7,191.7,155.9,209.1,68.2,57.7,336.1,90.8,369.7,7.7,49.0,4.9,4.6,4.6,2.7,0.0,3.3,3.4,27.7,3.9,3.6,5.1,0.0,1.3,7.3,1.2,49.0,7.7,100.0,15.0,87.7,15.7,9.7,9.7,4.9,2.5,7.2,6.3,49.4,7.2,6.6,9.4,4.7,2.3,13.1,3.6,15.0,40.8,8.0,46.0,46.0,46.0,45.0,45.0,45.0,45.0,40.0,68,63,58,68,60,98,61,73,59,32,37,42,32,40,2,39,27,41,98,98,Yes,Yes,No,No,No,Yes,No,No,No,No,No,No,No,No,No,No,No,No,No,No,No,No,No,No,No,No,No,Yes,No,No,97,97,59,27.481,40.738,35.384,0.010,1.971,1.182,0.833,85.0,75.0,125.0,98.0,0,4.9,0.0,8.1,49.0,8.7,5.4,5.4,2.8,1.5,4.1,3.5,24.7,4.1,3.7,4.8,1.6,1.4,7.5,2.1,74.1,28.8,75.5,86.3,80.4,68.0,73.0,93.9,86.8,1064.1,10.67,15,15,15,35,62,374,1,2,Yes,No,Yes,No,No,No,No,No,No,No,Yes,No,No,No,No,No,No,No,No,No,No,No,No,No,No,No,No,No,No,No,No,No,No,No,No,No,No,68.0,60,60,67,97.0,100.0,No,No,16291,13114,0.1,0.1,0.1,0.072,0.065,5319,7285,64.7,74.4,87.0,0.719,19.192,19.145,19.239,39.505,16.371,27.521,2.872,30.418,12.000,27.521,8.985,5.690,15.959,40.000,40.000,1155.0,1375.2,1020.0,1232.7,1102.0,975.0,1154.1,1373.5,1102.8,100.0,34.0,0.0,1.0,86.9,19.5,97.6,0.0,0.0,0.0,0.0,Yes,Yes,No,No,No,No,No,0,0,0,0,0,0,0,0,0,10,0,0,0,0,0,0,0,0,0,0,0,0,0,0,0,0,0,0,0,0,537,3559,3432,114,16.0,59,0.680,0.010,550.0,1330.0,0.6,0.3,0.0,0.1,0.6,0.0,0.0,0.0,0.0,3.3,538,15677,539,No,No,No,No,No,No,No,No,15.744,29.506,41.4,58.394,24.5,30.9,11.3,24.2,6.4,6.4,6.4,6.4,12.2,20.0,7.9,7.8,7.8,7.8,80.85,128.04,52.93,52.86,128.65,128.65,82.23,0.00,47.19,33.66,11.75,1330,23,7.3,6.0,0,0,0.0,0.0,0,
13.9.2026,21:46:41.356,11111,26440,29.5,9974,22457,30.7,0.0,5120,0,1.286,1.135,1.315,1.292,1.312,1.317,1.307,1.282,1.327,1.031,0.846,4850.6,4489.0,4888.0,4888.0,4888.0,4987.8,4888.0,4888.0,4888.0,99.8,3990.2,99.8,395.6,1250.9,373.3,576.8,387.6,254.0,277.0,249.0,282.6,629.2,597.7,192.5,219.9,147.1,203.8,430.4,258.4,395.6,9.3,27.4,11.8,13.4,9.3,5.6,6.7,5.4,6.2,12.9,12.1,4.4,4.8,6.8,5.0,9.6,6.5,27.4,9.3,100.0,15.8,49.0,14.8,23.0,15.5,10.3,11.1,9.9,11.5,26.6,22.9,8.0,8.9,6.0,8.1,17.1,10.2,15.8,48.6,45.0,49.0,49.0,49.0,50.0,49.0,49.0,49.0,40.0,59,59,61,57,61,58,59,58,56,41,41,39,43,39,42,41,42,44,61,61,Yes,Yes,No,No,Yes,Yes,No,No,No,No,No,No,No,No,No,No,No,No,Yes,Yes,Yes,Yes,Yes,Yes,Yes,Yes,Yes,Yes,No,Yes,80,80,59,21.739,27.221,21.976,0.050,1.971,1.149,0.659,85.0,75.0,125.0,98.0,0,6.0,0.0,8.9,27.5,8.4,12.9,8.8,5.8,6.2,5.6,6.4,13.8,13.0,4.7,5.0,3.4,4.6,9.8,6.0,70.7,60.0,47.3,77.2,77.3,71.5,68.4,85.4,78.6,1064.1,10.67,15,15,15,35,62,374,1,2,Yes,No,Yes,No,No,No,No,No,No,Yes,Yes,No,No,No,No,No,No,No,No,No,No,No,No,No,No,No,No,No,No,No,No,No,No,No,No,No,No,67.0,60,60,67,97.0,100.0,No,No,16291,13114,0.0,0.1,0.1,0.000,0.029,5319,7285,64.8,74.6,87.0,0.688,19.124,19.077,19.172,28.253,19.366,31.276,2.881,34.184,12.000,31.276,8.989,6.168,28.155,40.000,40.000,1170.0,1375.2,1020.0,1264.7,1102.0,975.0,1168.3,1373.9,1102.3,100.0,35.0,0.0,2.0,76.7,15.0,75.2,0.0,0.0,0.0,0.0,Yes,Yes,No,No,No,No,No,0,0,0,0,0,0,0,0,0,10,0,0,0,0,0,0,0,0,0,0,0,0,0,0,0,0,0,0,0,0,953,3143,3016,114,16.0,59,0.677,0.050,550.0,1330.0,0.6,0.2,0.0,0.1,0.7,0.0,0.0,0.0,0.0,3.3,538,15677,539,No,No,No,No,No,No,No,No,15.788,29.506,41.4,65.268,24.5,30.9,23.7,173.0,8.1,7.3,7.2,7.2,21.9,30.2,20.6,20.6,20.6,20.6,43.08,100.74,8.10,8.01,111.42,111.42,45.75,0.00,11.34,31.74,11.87,1330,23,4.5,10.2,0,0,0.0,0.0,0,
13.9.2026,21:46:43.359,10994,26557,29.2,9979,22451,30.7,0.0,5120,0,1.281,1.135,1.315,1.290,1.312,1.317,1.307,1.282,1.287,1.031,0.846,4838.2,4489.0,4888.0,4888.0,4888.0,4987.8,4888.0,4888.0,4788.3,99.8,3990.2,99.8,201.3,232.0,151.5,525.5,371.6,149.3,121.6,132.7,239.6,36.7,309.8,108.3,116.0,100.3,205.3,202.1,218.9,201.3,4.3,5.1,4.6,11.0,8.4,1.6,2.6,2.7,5.1,0.0,7.1,2.4,2.4,2.1,4.3,4.4,4.6,11.0,4.3,100.0,8.1,9.6,5.9,20.9,15.3,6.1,5.0,5.4,9.6,1.5,12.1,4.5,4.8,4.1,8.1,8.3,8.7,8.1,48.5,45.0,49.0,49.0,49.0,50.0,49.0,49.0,48.0,40.0,59,60,60,56,61,58,61,60,57,41,40,40,44,39,42,39,40,43,61,61,No,No,No,No,No,No,No,No,No,No,No,No,No,No,No,No,No,No,No,No,No,No,No,No,No,No,No,No,No,No,65,65,58,21.739,25.390,20.286,0.062,1.970,1.031,0.624,85.0,75.0,125.0,98.0,0,6.6,0.0,4.4,5.3,3.2,11.2,8.6,3.3,2.8,2.9,5.3,0.8,6.5,2.5,2.7,2.3,4.5,4.6,4.8,77.6,86.4,14.8,80.5,85.7,91.9,86.1,89.5,85.8,1064.1,10.67,15,15,15,35,62,374,1,2,Yes,No,Yes,No,No,No,No,No,No,No,Yes,No,No,No,No,No,No,No,No,No,No,No,No,No,No,No,No,No,No,No,No,No,No,No,No,No,No,67.0,60,60,67,97.0,100.0,No,No,16291,13114,0.0,0.0,0.0,0.000,0.004,5319,7285,65.6,75.6,87.0,0.688,19.120,19.069,19.171,39.593,18.800,30.712,2.899,33.626,12.000,30.712,9.016,5.348,26.092,40.000,40.000,1147.0,1375.2,1020.0,1163.4,1102.0,975.0,1146.8,1373.6,1101.5,100.0,36.0,0.0,1.0,76.1,19.7,98.5,0.0,0.0,0.0,0.0,Yes,Yes,No,No,No,No,No,0,0,0,0,0,0,0,0,0,10,0,0,0,0,0,0,0,0,0,0,0,0,0,0,0,0,0,0,0,0,980,3116,2988,119,16.0,58,0.677,0.062,550.0,1330.0,0.6,0.3,0.0,0.1,0.7,0.0,0.0,0.0,0.0,3.3,538,15677,539,No,No,No,No,No,No,No,No,15.800,29.506,41.4,65.380,24.5,30.9,21.0,21.6,20.5,20.5,20.5,20.5,21.0,21.3,20.4,20.4,20.4,20.4,47.73,49.07,46.77,46.72,49.17,49.17,47.69,0.00,4.83,42.90,0.69,1330,23,2.9,0.3,0,0,0.0,0.0,0,
13.9.2026,21:46:45.363,10865,26685,28.9,9976,22455,30.7,0.0,5120,0,1.291,1.170,1.315,1.292,1.310,1.315,1.310,1.282,1.332,1.031,0.708,4863.1,4588.8,4888.0,4888.0,4888.0,4987.8,4888.0,4888.0,4888.0,99.8,3990.2,99.8,191.7,160.2,74.6,359.6,343.6,144.7,192.0,144.0,176.6,54.1,375.5,154.7,104.9,63.8,197.2,298.8,222.4,191.7,5.2,4.3,2.4,7.9,8.1,5.3,5.6,3.8,4.6,6.2,8.4,4.4,3.0,2.2,4.9,7.1,5.4,8.4,5.2,100.0,7.7,6.8,3.0,14.6,13.6,5.9,7.6,5.7,7.2,2.2,14.6,6.6,4.4,2.6,7.8,11.8,8.8,7.7,48.8,46.0,49.0,49.0,49.0,50.0,49.0,49.0,49.0,40.0,60,61,59,58,60,58,62,59,62,40,39,41,42,40,42,38,41,38,62,62,No,No,No,No,No,No,No,No,No,No,No,No,No,No,No,No,No,No,No,No,No,No,No,No,No,No,No,No,No,No,64,64,58,14.766,17.563,12.513,0.093,1.971,0.980,0.594,85.0,75.0,125.0,98.0,0,26.9,0.0,4.2,3.7,1.7,8.0,7.4,3.2,4.2,3.1,4.0,1.2,7.8,3.8,2.4,1.5,4.3,6.5,4.8,82.2,90.5,49.2,83.3,83.5,90.5,81.3,93.5,85.5,1330.1,13.33,19,19,19,43,62,467,2,1,Yes,No,Yes,No,No,No,No,Yes,No,No,Yes,No,No,No,No,No,No,No,No,No,No,No,No,No,No,No,No,No,No,No,No,No,No,No,No,No,No,67.0,60,60,67,97.0,100.0,No,No,16291,13114,0.0,0.1,0.1,0.000,0.014,5319,7285,66.2,76.2,87.0,0.688,19.091,19.042,19.141,39.768,19.076,30.919,3.370,34.300,12.000,30.919,9.482,6.671,24.947,40.000,40.000,1117.0,1375.2,982.0,1142.3,1057.0,937.0,1117.1,1374.9,1056.9,100.0,34.0,0.0,1.0,75.9,19.6,97.8,0.0,0.0,0.0,0.0,Yes,Yes,No,No,No,No,No,0,0,0,0,0,0,0,0,0,10,0,0,0,0,0,0,0,0,0,0,0,0,0,0,0,0,0,0,0,0,988,3108,2980,114,16.0,58,0.677,0.093,550.0,1596.0,0.7,0.3,0.0,0.2,0.8,0.0,0.0,0.0,0.0,3.3,538,15677,539,No,No,No,No,No,No,No,No,15.805,29.506,41.4,65.290,24.5,30.9,20.9,21.4,20.5,20.5,20.5,20.5,20.9,21.3,20.5,20.5,20.5,20.5,47.95,48.93,46.76,46.75,49.00,49.00,47.88,0.00,4.98,42.97,0.92,1330,23,0.3,0.3,0,0,0.0,0.0,0,
13.9.2026,21:46:47.365,10851,26699,28.8,9972,22459,30.7,0.0,5120,0,1.287,1.135,1.315,1.292,1.312,1.315,1.310,1.282,1.330,1.031,0.846,4850.6,4489.0,4888.0,4888.0,4888.0,4987.8,4888.0,4888.0,4888.0,99.8,3990.2,99.8,196.5,245.3,186.2,299.4,273.9,147.3,100.9,135.3,271.6,67.5,308.6,187.6,192.6,70.9,182.6,253.8,220.9,196.5,3.5,4.8,3.3,6.6,5.2,2.6,1.6,1.4,5.2,0.7,5.0,3.9,3.7,0.9,3.3,4.9,3.3,6.6,3.5,100.0,7.9,10.1,7.3,12.1,10.8,6.0,4.1,5.4,10.8,2.7,12.0,8.2,8.0,2.9,7.2,10.2,8.7,7.9,48.6,45.0,49.0,49.0,49.0,50.0,49.0,49.0,49.0,40.0,60,61,61,57,62,58,62,58,58,40,39,39,43,38,42,38,42,42,62,62,No,No,No,No,No,No,No,No,No,No,No,No,No,No,No,No,No,No,No,No,No,No,No,No,No,No,No,No,No,No,65,65,58,19.688,16.758,11.411,0.302,1.970,1.059,0.592,85.0,75.0,125.0,98.0,0,30.0,0.0,4.3,5.5,3.9,6.6,5.9,3.3,2.3,2.9,5.9,1.4,6.4,4.7,4.4,1.6,4.0,5.6,4.8,81.4,86.3,73.7,82.8,84.6,91.6,54.4,92.4,85.2,1330.1,13.33,19,19,19,43,62,467,2,1,Yes,No,Yes,No,No,No,No,Yes,No,No,Yes,No,No,No,No,No,No,No,No,No,No,No,No,No,No,No,Yes,No,No,No,No,No,No,No,Yes,No,No,67.0,60,60,67,97.0,100.0,No,No,16291,13114,0.0,0.1,0.1,0.000,0.034,5319,7285,66.8,76.9,87.0,0.675,19.098,19.047,19.148,39.785,18.108,30.608,2.971,33.605,12.000,30.608,9.095,4.408,21.566,40.000,40.000,1117.0,1375.2,982.0,1141.2,1057.0,937.0,1113.5,1373.7,1055.2,100.0,34.0,0.0,1.0,75.9,20.0,100.0,0.0,0.0,0.0,0.0,Yes,Yes,No,No,No,No,No,0,0,0,0,0,0,0,0,0,10,0,0,0,0,0,0,0,0,0,0,0,0,0,0,0,0,0,0,0,0,988,3108,2980,114,16.0,58,0.677,0.302,550.0,1330.0,0.6,0.3,0.0,0.2,0.8,0.0,0.0,0.0,0.0,3.3,538,15677,539,No,No,No,No,No,No,No,No,15.805,29.506,41.4,65.290,24.5,30.9,21.0,21.6,20.2,20.2,20.2,20.2,21.0,21.3,20.4,20.4,20.4,20.4,47.59,48.99,46.79,46.77,49.09,49.09,47.59,0.00,4.92,42.67,0.66,1330,23,6.4,0.2,0,0,0.0,0.0,0,
13.9.2026,21:46:49.362,10833,26717,28.8,9961,22469,30.7,0.0,5120,0,1.289,1.202,1.325,1.292,1.312,1.287,1.275,1.287,1.330,1.031,0.706,4850.6,4688.5,4888.0,4888.0,4888.0,4888.0,4788.3,4888.0,4888.0,99.8,3990.2,99.8,194.7,253.3,126.6,274.7,307.4,123.0,116.9,93.6,226.4,57.9,292.0,213.7,173.0,76.3,272.7,315.0,193.1,194.7,4.8,6.0,3.1,6.4,6.9,3.1,3.0,3.2,5.3,1.6,7.7,5.4,4.3,2.1,6.2,7.2,5.3,7.7,4.8,100.0,7.8,10.4,5.0,11.1,12.1,5.0,4.7,3.8,9.0,2.3,11.1,9.2,7.1,3.1,10.7,12.5,7.7,7.8,48.6,47.0,49.0,49.0,49.0,49.0,48.0,49.0,49.0,40.0,66,61,71,61,63,81,67,66,58,34,39,29,39,37,19,33,34,42,78,81,Yes,No,No,No,No,No,Yes,No,No,No,No,No,No,No,No,No,No,No,No,No,No,No,No,No,No,No,No,Yes,No,No,72,72,58,18.867,16.914,11.518,0.315,1.970,1.091,0.596,85.0,65.0,125.0,98.0,0,30.2,0.0,4.3,5.7,2.8,6.1,6.6,2.8,2.7,2.1,5.0,1.2,6.1,5.2,4.1,1.8,5.9,6.9,4.3,82.1,87.7,76.8,84.3,85.3,92.3,53.4,91.9,85.2,1064.1,10.67,15,15,15,35,62,374,1,2,Yes,No,Yes,No,No,No,No,No,No,No,Yes,No,No,No,No,No,No,No,No,No,No,No,No,No,No,No,No,No,No,No,No,No,No,No,No,No,No,67.0,60,60,67,97.0,100.0,No,No,16291,13114,0.0,0.1,0.1,0.000,0.028,5319,7286,66.8,76.7,87.0,0.675,19.146,19.097,19.196,39.606,17.838,29.954,2.979,32.940,12.000,29.954,9.087,4.354,21.438,40.000,40.000,1162.0,1375.2,1020.0,1140.1,1102.0,975.0,1160.9,1373.5,1102.6,100.0,34.0,0.0,1.0,75.9,20.0,100.0,0.0,0.0,0.0,0.0,Yes,Yes,No,No,No,No,No,0,0,0,0,0,0,0,0,0,10,0,0,0,0,0,0,0,0,0,0,0,0,0,0,0,0,0,0,0,0,988,3108,2980,114,16.0,58,0.667,0.315,500.0,1330.0,0.6,0.2,0.0,0.2,0.8,0.0,0.0,0.0,0.0,3.3,538,15677,539,No,No,No,No,No,No,No,No,15.822,29.506,41.4,65.424,24.5,30.9,21.2,21.7,20.6,20.6,20.6,20.6,21.2,21.6,20.8,20.8,20.8,20.8,47.20,48.06,46.28,46.27,48.08,48.08,47.20,0.00,4.91,42.30,0.85,1330,23,2.7,0.2,0,0,0.0,0.0,0,
13.9.2026,21:46:51.366,10898,26653,29.0,9962,22469,30.7,0.0,5120,0,1.301,1.270,1.277,1.295,1.312,1.322,1.312,1.285,1.332,1.031,0.708,4888.0,4888.0,4788.3,4888.0,4888.0,4987.8,4888.0,4888.0,4888.0,99.8,3990.2,99.8,234.8,562.6,126.6,286.1,290.8,148.5,116.2,167.1,164.0,301.6,293.5,322.9,185.4,122.3,168.7,343.7,156.1,234.8,5.1,12.0,2.8,6.3,6.2,3.3,2.7,4.4,3.7,6.3,5.6,7.5,4.2,2.8,3.7,7.5,2.7,12.0,5.1,100.0,9.4,22.3,5.0,11.6,11.4,6.0,4.7,6.6,6.6,11.7,11.7,13.5,7.7,4.9,6.7,13.6,6.2,9.4,49.0,49.0,48.0,49.0,49.0,50.0,49.0,49.0,49.0,40.0,62,60,63,61,63,64,65,62,61,38,40,37,39,37,36,35,38,39,65,65,Yes,No,No,No,No,Yes,No,No,No,No,No,No,No,No,No,No,No,No,No,No,No,No,No,No,No,No,No,Yes,No,No,91,91,59,29.532,16.620,11.190,0.345,1.970,1.091,0.595,85.0,65.0,125.0,98.0,0,30.2,0.0,5.1,12.0,2.7,6.4,6.2,3.3,2.7,3.6,3.8,6.3,6.1,7.6,4.1,2.8,3.7,7.5,3.4,80.9,80.6,75.7,82.8,86.0,87.0,59.5,90.5,84.8,1596.1,16.00,22,22,22,52,62,560,1,2,Yes,No,Yes,No,No,No,No,Yes,No,No,Yes,No,No,No,No,No,No,No,No,No,No,No,No,No,No,No,Yes,No,No,No,No,No,No,No,Yes,No,No,67.0,60,60,67,97.0,100.0,No,No,16291,13114,0.0,0.0,0.0,0.000,0.014,5319,7286,66.8,76.6,87.0,0.688,19.148,19.098,19.199,39.667,18.874,30.366,3.037,33.405,12.000,30.366,9.146,4.918,27.756,40.000,40.000,1162.0,1375.2,1020.0,1138.9,1102.0,975.0,1162.2,1374.1,1103.2,100.0,34.0,0.0,1.0,77.5,19.8,99.2,0.0,0.0,0.0,0.0,Yes,Yes,No,No,No,No,No,0,0,0,0,0,0,0,0,0,10,0,0,0,0,0,0,0,0,0,0,0,0,0,0,0,0,0,0,0,0,923,3173,3045,107,16.0,59,0.667,0.345,500.0,1596.0,0.7,0.3,0.0,0.2,0.8,0.0,0.0,0.0,0.0,3.3,538,15677,539,No,No,No,No,No,No,No,No,15.833,29.506,41.4,65.343,24.5,30.9,19.0,19.2,18.6,18.6,18.6,18.6,18.5,20.3,14.2,13.7,13.7,13.7,52.69,53.75,51.79,51.78,53.81,53.81,53.94,0.00,5.13,47.56,2.35,1330,23,2.7,0.2,0,0,0.0,0.0,0,
13.9.2026,21:46:53.363,10871,26679,28.9,9963,22467,30.7,0.0,5120,0,0.966,1.272,0.637,1.292,0.632,0.650,1.312,1.285,0.645,1.031,0.706,2843.0,4888.0,798.0,4888.0,798.0,798.0,4888.0,4888.0,798.0,99.8,3990.2,99.8,224.6,501.0,86.9,299.7,335.1,175.4,99.4,116.3,281.5,223.2,252.1,211.5,233.0,99.9,193.3,319.3,165.4,224.6,4.3,10.6,1.0,6.4,6.2,3.6,1.4,0.8,6.0,3.8,4.3,4.5,5.4,2.1,2.5,6.8,4.2,10.6,4.3,100.0,9.0,20.0,3.5,12.1,13.2,7.1,4.1,4.7,11.2,8.7,9.8,8.7,10.1,4.0,7.7,12.7,6.6,9.0,28.5,49.0,8.0,49.0,8.0,8.0,49.0,49.0,8.0,40.0,62,63,64,59,63,60,64,61,59,38,37,36,41,37,40,36,39,41,64,64,Yes,No,No,No,No,Yes,No,No,No,No,No,No,No,No,No,No,No,No,No,No,No,No,No,No,No,No,No,Yes,No,No,64,64,58,22.149,19.062,13.612,0.316,1.970,1.121,0.607,85.0,65.0,125.0,98.0,0,30.6,0.0,4.9,10.8,1.9,6.7,7.2,3.8,2.3,2.6,6.2,4.7,5.3,4.7,5.7,2.3,4.2,7.0,3.6,81.6,84.1,74.2,81.8,85.3,89.4,59.7,91.3,87.0,1330.1,13.33,19,19,19,43,62,467,2,1,Yes,No,Yes,No,No,No,No,No,No,No,Yes,No,No,No,No,No,No,No,No,No,No,No,No,No,No,No,No,No,No,No,No,No,No,No,No,No,No,69.0,60,60,67,97.0,100.0,No,No,16291,13114,0.0,0.2,0.2,0.000,0.059,5319,7286,67.3,77.5,87.0,0.713,19.130,19.079,19.180,39.703,17.929,30.197,3.129,33.355,12.000,30.197,9.254,4.049,21.247,40.000,40.000,1200.0,1375.2,1065.0,1163.8,1147.0,1020.0,1200.5,1373.6,1148.0,100.0,35.0,0.0,1.0,76.7,19.9,99.3,0.0,0.0,0.0,0.0,Yes,Yes,No,No,No,No,No,0,0,0,0,0,0,0,0,0,10,0,0,0,0,0,0,0,0,0,0,0,0,0,0,0,0,0,0,0,0,955,3141,3013,107,16.0,59,0.667,0.316,500.0,1596.0,0.7,0.3,0.0,0.2,0.8,0.0,0.0,0.0,0.0,3.3,538,15677,539,No,No,No,No,No,No,No,No,15.844,29.768,41.8,65.198,24.5,30.9,19.4,19.9,18.8,18.8,18.8,18.8,19.4,19.8,19.1,19.1,19.1,19.1,51.72,53.08,50.44,50.38,53.14,53.14,51.43,0.00,5.08,46.64,0.86,1330,23,0.6,0.8,0,0,0.0,0.0,0,
13.9.2026,21:46:55.365,10882,26668,28.9,9969,22461,30.7,0.0,5120,0,1.280,1.137,1.320,1.300,1.317,1.275,1.275,1.285,1.332,0.913,0.706,4825.7,4489.0,4888.0,4888.0,4888.0,4888.0,4788.3,4888.0,4888.0,99.8,3491.5,99.8,290.1,663.8,157.2,394.1,429.1,218.8,618.5,181.4,302.5,85.8,134.8,320.4,252.2,141.2,223.7,314.8,202.6,290.1,6.7,14.3,4.2,8.7,9.9,4.0,13.7,5.4,6.7,1.1,4.5,6.9,6.2,3.2,6.4,6.9,4.5,14.3,6.7,100.0,11.6,26.5,6.2,15.8,16.9,8.8,23.9,7.2,12.1,3.4,5.3,12.8,10.9,5.7,8.8,12.5,8.1,11.6,48.4,45.0,49.0,49.0,49.0,49.0,48.0,49.0,49.0,35.0,64,67,65,67,66,61,66,61,61,36,33,35,33,34,39,34,39,39,67,67,No,No,No,No,No,No,No,No,No,No,No,No,No,No,No,No,No,No,No,No,No,No,No,No,No,No,No,No,No,No,66,66,59,19.278,18.204,12.720,0.329,1.970,1.127,0.604,85.0,65.0,125.0,98.0,0,19.4,0.0,6.3,14.3,3.3,8.6,9.1,4.7,13.0,3.9,6.7,1.8,2.9,6.8,6.2,3.2,4.9,6.9,4.4,77.7,74.5,68.2,73.8,85.5,94.5,49.2,90.8,85.0,1064.1,10.67,15,15,15,35,62,374,1,2,Yes,No,Yes,No,No,No,No,No,No,No,Yes,No,No,No,No,No,No,No,No,No,No,No,No,No,No,No,No,No,No,No,No,No,No,No,No,No,No,69.0,60,60,67,97.0,100.0,No,No,16291,13114,0.6,0.2,0.8,0.302,0.183,5320,7286,67.8,77.7,87.0,0.713,19.059,19.010,19.108,39.635,19.053,30.488,3.289,33.802,12.000,30.488,9.411,5.075,27.872,40.000,40.000,1095.0,1375.2,960.0,1135.0,1035.0,915.0,1094.8,1373.7,1035.1,100.0,35.0,0.0,1.0,76.7,19.9,99.7,0.0,0.0,0.0,0.0,Yes,Yes,No,No,No,No,No,0,0,0,0,0,0,0,0,0,10,0,0,0,0,0,0,0,0,0,0,0,0,0,0,0,0,0,0,0,0,955,3141,3013,107,16.0,60,0.665,0.329,500.0,1596.0,0.7,0.3,0.0,0.2,0.9,0.0,0.0,0.0,0.0,3.3,538,15677,539,No,No,No,No,No,No,No,No,15.849,29.768,41.8,65.139,24.5,30.9,19.6,19.9,19.2,19.2,19.2,19.2,19.6,19.9,19.2,19.2,19.2,19.2,50.97,52.08,50.16,50.13,52.14,52.14,50.89,0.00,5.12,45.85,0.60,1331,23,183.5,25.6,0,0,0.0,0.0,0,
13.9.2026,21:46:57.364,10917,26634,29.0,9973,22458,30.7,0.0,5120,0,1.304,1.305,1.315,1.295,1.315,1.272,1.312,1.282,1.332,1.031,0.706,4900.5,4987.8,4888.0,4888.0,4888.0,4888.0,4888.0,4888.0,4888.0,99.8,3990.2,99.8,219.5,599.6,186.8,303.3,298.2,153.5,147.6,137.0,230.7,64.2,144.1,282.0,183.2,111.5,180.3,319.3,171.2,219.5,5.0,13.1,4.3,6.3,6.7,4.4,3.0,3.3,5.4,3.2,1.9,6.9,3.7,2.8,4.3,6.6,4.1,13.1,5.0,100.0,8.9,23.8,7.3,12.3,11.8,6.3,6.2,5.5,9.3,2.5,5.7,12.0,7.6,4.6,7.2,12.8,6.8,8.9,49.1,50.0,49.0,49.0,49.0,49.0,49.0,49.0,49.0,40.0,62,66,62,61,64,59,66,60,61,38,34,38,39,36,41,34,40,39,66,66,No,No,No,No,No,No,No,No,No,No,No,No,No,No,No,No,No,No,No,No,No,No,No,No,No,No,No,No,No,No,64,64,59,22.969,21.852,16.343,0.245,1.971,1.176,0.654,85.0,65.0,125.0,98.0,0,25.5,0.0,4.9,12.9,3.9,6.8,6.5,3.4,3.4,3.0,5.1,1.4,3.1,6.7,4.2,2.5,4.0,7.1,3.8,78.8,78.9,69.9,79.2,87.1,94.4,47.3,90.0,83.6,1064.1,10.67,15,15,15,35,62,374,1,2,Yes,No,Yes,No,No,No,No,No,No,No,Yes,No,No,No,No,No,No,No,No,No,No,No,No,No,No,No,No,No,No,No,No,No,No,No,No,No,No,69.0,60,60,67,97.0,100.0,No,No,16291,13114,0.0,0.1,0.2,0.008,0.114,5320,7286,67.8,77.6,87.0,0.675,19.091,19.042,19.140,39.604,18.670,30.858,3.104,33.992,12.000,30.858,9.221,5.562,23.765,40.000,40.000,1117.0,1375.2,982.0,1134.2,1057.0,937.0,1116.7,1373.3,1057.0,100.0,36.0,0.0,1.0,76.7,19.9,99.4,0.0,0.0,0.0,0.0,Yes,Yes,No,No,No,No,No,0,0,0,0,0,0,0,0,0,10,0,0,0,0,0,0,0,0,0,0,0,0,0,0,0,0,0,0,0,0,955,3141,3013,107,16.0,60,0.667,0.245,500.0,1330.0,0.7,0.3,0.0,0.2,0.8,0.0,0.0,0.0,0.0,3.3,538,15677,539,No,No,No,No,No,No,No,No,15.854,29.768,41.8,65.208,24.5,30.9,19.0,22.3,16.5,16.4,16.3,16.3,18.7,20.0,18.0,18.0,18.0,18.0,52.81,55.38,49.90,49.83,55.38,55.38,53.35,0.00,6.40,46.41,2.13,1331,23,14.3,4.0,0,0,0.0,0.0,0,
13.9.2026,21:46:59.378,10914,26637,29.0,9976,22454,30.7,0.0,5120,0,1.288,1.137,1.317,1.295,1.312,1.317,1.310,1.285,1.332,1.031,0.843,4850.6,4489.0,4888.0,4888.0,4888.0,4987.8,4888.0,4888.0,4888.0,99.8,3990.2,99.8,190.1,692.2,159.9,199.2,301.5,137.8,99.7,128.1,122.1,90.7,102.6,217.6,166.2,75.5,129.5,333.7,85.0,190.1,3.7,14.7,1.8,5.2,6.5,2.3,1.5,2.0,2.1,0.0,2.3,4.3,3.9,1.8,2.9,7.3,1.2,14.7,3.7,100.0,7.7,27.4,6.3,8.2,11.9,5.7,4.0,5.1,5.0,3.5,4.0,9.2,7.1,3.2,5.2,13.3,3.5,7.7,48.6,45.0,49.0,49.0,49.0,50.0,49.0,49.0,49.0,40.0,63,69,63,63,63,60,63,61,61,37,31,37,37,37,40,37,39,39,69,69,No,No,No,No,No,No,No,No,No,No,No,No,No,No,No,No,No,No,No,No,No,No,No,No,No,No,No,No,No,No,64,64,60,12.715,18.518,13.078,0.278,1.971,1.117,0.609,85.0,65.0,125.0,98.0,0,29.8,0.0,4.2,14.8,3.3,4.5,6.5,3.1,2.3,2.8,2.9,1.9,2.3,5.1,4.0,1.8,2.9,7.3,2.0,82.1,78.9,74.9,83.6,89.9,95.0,54.2,93.6,86.8,1330.1,13.33,19,19,19,43,62,467,2,1,Yes,No,Yes,No,No,No,No,No,No,No,Yes,No,No,No,No,No,No,No,No,No,No,No,No,No,No,No,No,No,No,No,No,No,No,No,No,No,No,69.0,60,60,67,97.0,100.0,No,No,16291,13114,0.0,0.1,0.1,0.000,0.126,5320,7286,68.3,78.4,87.0,0.719,19.051,19.003,19.099,39.568,17.687,30.361,2.983,33.366,12.000,30.361,9.104,8.349,14.974,40.000,40.000,1110.0,1375.2,982.0,1159.0,1057.0,937.0,1109.5,1373.9,1057.0,100.0,37.0,0.0,1.0,76.7,20.0,100.0,0.0,0.0,0.0,0.0,Yes,Yes,No,No,No,No,No,0,0,0,0,0,0,0,0,0,10,0,0,0,0,0,0,0,0,0,0,0,0,0,0,0,0,0,0,0,0,955,3141,3013,117,16.0,60,0.667,0.278,500.0,1330.0,0.7,0.3,0.0,0.2,0.8,0.0,0.0,0.0,0.0,3.3,538,15677,539,No,No,No,No,No,No,No,No,15.867,29.768,41.8,65.404,24.5,30.9,18.4,19.1,18.0,18.0,18.0,18.0,18.3,18.7,18.0,18.0,18.0,18.0,54.34,55.53,53.12,53.10,55.57,55.57,54.62,0.00,5.48,48.87,0.86,1331,23,2.7,0.2,0,0,0.0,0.0,0,
13.9.2026,21:47:1.379,10915,26636,29.0,9978,22453,30.7,0.0,5120,0,1.307,1.325,1.320,1.297,1.312,1.272,1.310,1.285,1.330,1.031,0.843,4900.5,4987.8,4888.0,4888.0,4888.0,4888.0,4888.0,4888.0,4888.0,99.8,3990.2,99.8,191.6,700.5,124.2,214.3,306.1,153.9,102.4,99.3,140.7,125.5,194.3,131.4,84.7,130.3,164.3,332.3,61.7,191.6,3.8,14.4,3.6,3.5,6.1,2.9,2.6,2.4,3.5,0.0,3.7,1.8,1.4,2.6,3.6,7.5,0.9,14.4,3.8,100.0,7.7,27.7,4.9,8.8,12.1,6.2,4.1,4.0,5.7,4.9,7.6,5.4,3.6,5.6,7.2,13.2,2.5,7.7,49.1,50.0,49.0,49.0,49.0,49.0,49.0,49.0,49.0,40.0,65,89,65,64,63,60,62,61,57,35,11,35,36,37,40,38,39,43,89,89,No,No,No,No,No,No,No,No,No,No,No,No,No,No,No,No,No,No,No,No,No,No,No,No,No,No,No,No,No,No,67,67,60,21.739,16.940,11.430,0.369,1.970,1.111,0.596,85.0,65.0,125.0,98.0,0,28.5,0.0,4.2,14.8,2.6,4.9,6.6,3.4,2.3,2.2,3.2,2.6,4.2,3.0,2.0,3.2,4.2,7.3,1.5,82.0,78.8,77.2,85.5,90.9,92.4,88.1,56.9,86.6,1330.1,13.33,19,19,19,43,62,467,2,1,Yes,No,Yes,No,No,No,No,No,No,No,Yes,No,No,No,No,No,No,No,No,No,No,No,No,No,No,No,No,No,No,No,No,No,No,No,No,No,No,69.0,60,60,67,97.0,100.0,No,No,16291,13114,0.0,0.0,0.0,0.000,0.000,5320,7286,68.0,78.0,87.0,0.694,19.059,19.013,19.105,39.716,18.955,31.034,3.137,34.198,12.000,31.034,9.245,5.576,25.416,40.000,40.000,1170.0,1375.2,1042.0,1155.7,1125.0,997.0,1169.9,1373.7,1124.7,100.0,38.0,0.0,1.0,76.7,19.7,98.5,0.0,0.0,0.0,0.0,Yes,Yes,No,No,No,No,No,0,0,0,0,0,0,0,0,0,10,0,0,0,0,0,0,0,0,0,0,0,0,0,0,0,0,0,0,0,0,955,3141,3013,119,16.0,60,0.677,0.369,550.0,1596.0,0.6,0.3,0.0,0.2,0.8,0.0,0.0,0.0,0.0,3.3,538,15676,539,No,No,No,No,No,No,No,No,15.876,29.768,41.8,65.473,24.5,30.9,18.2,18.6,17.7,17.7,17.7,17.7,18.2,18.5,18.0,18.0,18.0,18.0,55.02,55.70,53.95,53.95,55.73,55.73,54.95,0.00,5.54,49.48,0.30,1331,23,0.2,0.2,0,0,0.0,0.0,0,
13.9.2026,21:47:3.378,10893,26658,29.0,9979,22452,30.7,0.0,5120,0,1.311,1.312,1.322,1.295,1.312,1.317,1.315,1.285,1.332,1.031,0.706,4913.0,4987.8,4888.0,4888.0,4888.0,4987.8,4888.0,4888.0,4888.0,99.8,3990.2,99.8,191.4,663.1,149.3,237.4,284.9,143.4,85.9,97.1,121.5,86.8,269.4,120.4,135.2,145.5,123.8,312.0,86.0,191.4,4.8,13.9,3.0,5.8,6.0,3.8,2.6,2.0,2.7,6.8,7.0,4.1,3.6,3.6,2.6,6.7,2.6,13.9,4.8,100.0,7.7,26.3,5.9,9.7,11.4,5.9,3.5,3.9,4.9,3.4,10.5,5.0,5.5,6.7,4.9,12.4,3.5,7.7,49.2,50.0,49.0,49.0,49.0,50.0,49.0,49.0,49.0,40.0,65,77,68,61,63,60,68,61,60,35,23,32,39,37,40,32,39,40,77,77,No,No,No,No,No,No,No,No,No,No,No,No,No,No,No,No,No,No,No,No,No,No,No,No,No,No,No,No,No,No,80,80,60,23.789,17.017,11.459,0.395,1.970,1.121,0.591,85.0,65.0,125.0,98.0,0,31.0,0.0,4.2,14.1,3.1,5.3,6.3,3.2,2.0,2.1,2.8,1.8,5.7,2.8,3.0,3.9,2.8,6.9,2.0,82.3,80.0,72.5,83.9,90.9,92.2,84.6,67.3,87.2,1064.1,10.67,15,15,15,35,62,374,1,2,Yes,No,Yes,No,No,No,No,No,No,No,Yes,No,No,No,No,No,No,No,No,No,No,No,No,No,No,No,No,No,No,No,No,No,No,No,No,No,No,68.0,60,60,67,97.0,100.0,No,No,16291,13114,0.0,0.1,0.1,0.000,0.010,5320,7287,68.2,77.9,87.0,0.719,19.075,19.024,19.125,39.839,18.137,31.386,3.272,34.673,12.000,31.386,9.397,2.260,20.720,40.000,40.000,1095.0,1375.2,967.0,1146.5,1170.0,1035.0,1222.0,1374.0,1158.4,100.0,38.0,0.0,1.0,76.7,19.8,99.1,0.0,0.0,0.0,0.0,Yes,Yes,No,No,No,No,No,0,0,0,0,0,0,0,0,0,10,0,0,0,0,0,0,0,0,0,0,0,0,0,0,0,0,0,0,0,0,955,3141,3013,119,16.0,59,0.665,0.395,500.0,1330.0,0.7,0.3,0.0,0.2,0.8,0.0,0.0,0.0,0.0,3.3,538,15677,539,No,No,No,No,No,No,No,No,15.885,29.768,41.8,65.637,24.5,30.9,18.2,18.7,17.8,17.8,17.8,17.8,18.2,18.4,17.9,17.9,17.9,17.9,55.17,55.95,54.38,54.35,55.97,55.97,55.05,0.00,5.42,49.75,0.61,1331,23,0.2,0.2,0,0,0.0,0.0,0,
13.9.2026,21:47:5.372,10891,26659,29.0,9978,22453,30.7,0.0,5120,0,1.204,1.135,1.317,1.295,1.312,0.645,1.310,1.287,1.332,1.031,0.843,4326.9,4489.0,4888.0,4888.0,4888.0,798.0,4888.0,4888.0,4888.0,99.8,3990.2,99.8,182.2,749.9,83.0,238.4,345.9,189.3,65.2,72.4,106.6,76.0,200.3,171.1,117.3,65.7,84.4,292.6,57.7,182.2,4.0,16.4,1.6,5.1,7.5,4.0,1.4,1.5,2.3,1.5,4.1,4.1,2.5,1.4,1.8,7.0,1.2,16.4,4.0,100.0,7.3,29.6,3.3,9.7,13.8,7.6,2.7,3.0,4.3,3.0,7.8,7.4,4.8,2.7,3.4,11.7,2.4,7.3,43.4,45.0,49.0,49.0,49.0,8.0,49.0,49.0,49.0,40.0,64,64,64,61,63,73,63,64,60,36,36,36,39,37,27,37,36,40,74,73,No,No,No,No,No,No,No,No,No,No,No,No,No,No,No,No,No,No,No,No,No,No,No,No,No,No,No,No,No,No,64,64,60,18.457,16.934,11.341,0.387,1.971,1.152,0.588,85.0,65.0,125.0,98.0,0,19.6,0.0,4.0,16.0,1.7,5.3,7.6,4.2,1.6,1.6,2.5,1.6,4.3,4.3,2.6,1.6,1.9,6.5,1.4,81.0,78.4,56.6,82.2,93.0,93.5,61.9,93.9,88.8,1330.1,13.33,19,19,19,43,62,467,2,1,Yes,No,Yes,No,No,No,No,No,No,No,Yes,No,No,No,No,No,No,No,No,No,No,No,No,No,No,No,No,No,No,No,No,No,No,No,No,No,No,68.0,60,60,67,97.0,100.0,No,No,16291,13114,0.0,0.0,0.0,0.000,0.036,5320,7287,69.4,79.6,87.0,0.675,19.102,19.053,19.151,39.617,16.966,28.517,3.201,31.733,12.000,28.517,9.319,8.179,14.263,40.000,40.000,1132.0,1375.2,1005.0,1151.1,1087.0,967.0,1132.5,1374.5,1087.0,100.0,37.0,0.0,1.0,76.7,20.0,100.0,0.0,0.0,0.0,0.0,Yes,Yes,No,No,No,No,No,0,0,0,0,0,0,0,0,0,10,0,0,0,0,0,0,0,0,0,0,0,0,0,0,0,0,0,0,0,0,955,3141,3013,119,16.0,60,0.675,0.387,550.0,1330.0,0.7,0.3,0.0,0.2,0.8,0.0,0.0,0.0,0.0,3.3,538,15677,539,No,No,No,No,No,No,No,No,15.891,29.768,41.8,65.678,24.5,30.9,18.1,18.3,17.9,17.9,17.9,17.9,18.1,18.3,17.8,17.8,17.8,17.8,55.26,55.96,54.56,54.55,55.97,55.97,55.29,0.00,5.36,49.90,0.44,1331,23,7.1,0.2,0,0,0.0,0.0,0,
13.9.2026,21:47:7.374,10891,26660,29.0,9979,22452,30.7,0.0,5120,0,1.301,1.277,1.320,1.295,1.317,1.272,1.312,1.282,1.332,1.031,0.843,4888.0,4888.0,4888.0,4888.0,4888.0,4888.0,4888.0,4888.0,4888.0,99.8,3990.2,99.8,182.8,788.1,149.7,215.8,255.4,138.1,68.3,187.1,132.5,45.0,91.8,212.4,118.4,78.5,53.1,349.6,41.5,182.8,3.7,16.0,0.8,4.9,5.5,2.3,1.7,4.0,3.0,0.0,2.1,5.1,2.9,1.8,1.3,6.9,1.0,16.0,3.7,100.0,7.4,31.0,5.9,8.9,10.1,5.6,2.8,7.4,5.4,1.8,3.6,9.1,5.1,3.2,2.2,13.9,1.8,7.4,49.0,49.0,49.0,49.0,49.0,49.0,49.0,49.0,49.0,40.0,63,71,64,61,66,61,64,60,60,37,29,36,39,34,39,36,40,40,71,71,No,No,No,No,No,No,No,No,No,No,No,No,No,No,No,No,No,No,No,No,No,No,No,No,No,No,No,No,No,No,64,64,60,13.125,16.867,11.431,0.302,1.970,1.093,0.580,85.0,65.0,125.0,98.0,0,24.1,0.0,4.0,16.6,3.1,4.9,5.5,3.0,1.7,4.0,3.0,1.0,2.0,5.2,3.0,1.8,1.3,7.6,1.0,81.6,76.5,76.2,84.7,90.3,96.1,46.8,94.8,87.5,1064.1,10.67,15,15,15,35,62,374,1,2,Yes,No,Yes,No,No,No,No,No,No,No,Yes,No,No,No,No,No,No,No,No,No,No,No,No,No,No,No,No,No,No,No,No,No,No,No,No,No,No,69.0,60,60,67,97.0,100.0,No,No,16291,13114,0.0,0.0,0.0,0.000,0.002,5320,7287,69.5,79.5,87.0,0.669,19.077,19.028,19.125,39.644,17.075,30.018,3.330,33.373,12.000,30.018,9.446,1.918,16.497,40.000,40.000,1095.0,1375.2,967.0,1161.3,1042.0,922.0,1094.8,1373.6,1042.5,100.0,36.0,0.0,1.0,76.7,19.5,97.5,0.0,0.0,0.0,0.0,Yes,Yes,No,No,No,No,No,0,0,0,0,0,0,0,0,0,10,0,0,0,0,0,0,0,0,0,0,0,0,0,0,0,0,0,0,0,0,955,3141,3013,119,16.0,60,0.675,0.302,550.0,1596.0,0.6,0.2,0.0,0.2,0.8,0.0,0.0,0.0,0.0,3.3,538,15677,539,No,No,No,No,No,No,No,No,15.890,29.768,41.8,65.610,24.5,30.9,18.1,18.6,17.4,17.3,17.3,17.3,18.1,18.7,17.5,17.5,17.5,17.5,55.34,57.08,54.07,54.06,57.16,57.16,55.21,0.00,5.45,49.89,1.00,1331,23,2.7,0.2,0,0,0.0,0.0,0,
13.9.2026,21:47:9.373,10891,26659,29.0,9979,22452,30.7,0.0,5120,0,1.310,1.302,1.320,1.295,1.315,1.320,1.312,1.285,1.332,1.031,0.843,4913.0,4987.8,4888.0,4888.0,4888.0,4987.8,4888.0,4888.0,4888.0,99.8,3990.2,99.8,180.6,590.2,187.3,279.2,305.3,180.3,66.9,196.1,116.8,92.8,84.2,222.1,126.0,73.3,52.2,243.3,72.8,180.6,4.3,12.7,5.5,5.6,5.9,4.8,0.1,2.8,1.2,13.0,0.5,5.4,3.2,0.2,0.0,5.5,1.8,13.0,4.3,100.0,7.3,23.3,7.4,11.3,12.1,7.3,2.8,7.7,4.7,3.6,3.3,9.3,5.4,3.0,2.2,9.8,3.0,7.3,49.2,50.0,49.0,49.0,49.0,50.0,49.0,49.0,49.0,40.0,62,62,65,61,64,61,65,61,61,38,38,35,39,36,39,35,39,39,65,65,Yes,No,Yes,No,No,No,No,No,No,No,No,No,No,No,No,No,No,No,No,No,No,No,No,No,No,No,No,Yes,No,No,68,68,61,18.457,16.943,11.485,0.299,1.970,1.116,0.585,85.0,65.0,125.0,98.0,0,11.6,0.0,4.0,12.6,3.9,6.3,6.6,4.0,1.6,4.2,2.7,2.0,1.9,5.4,3.1,1.7,1.3,5.4,1.7,79.5,80.9,73.3,82.8,91.8,95.3,28.2,95.3,88.1,1330.1,13.33,19,19,19,43,62,467,2,1,Yes,No,Yes,No,No,No,No,No,No,No,Yes,No,No,No,No,No,No,No,No,No,No,No,No,No,No,No,No,No,No,No,No,No,No,No,No,No,No,70.0,60,60,67,97.0,100.0,No,No,16291,13114,0.3,0.4,0.7,0.205,0.688,5320,7288,69.0,78.7,87.0,0.681,19.066,19.019,19.113,39.568,17.944,29.925,3.176,33.142,12.000,29.925,9.297,8.166,17.922,40.000,40.000,1132.0,1375.2,1005.0,1136.3,1087.0,967.0,1131.7,1374.7,1087.1,100.0,37.0,0.0,1.0,76.7,20.0,100.0,0.0,0.0,0.0,0.0,Yes,Yes,No,No,No,No,No,0,0,0,0,0,0,0,0,0,10,0,0,0,0,0,0,0,0,0,0,0,0,0,0,0,0,0,0,0,0,955,3141,3013,119,16.0,60,0.675,0.299,550.0,1330.0,0.6,0.3,0.0,0.2,0.8,0.0,0.0,0.0,0.0,3.3,538,15677,539,No,No,No,No,No,No,No,No,15.906,29.768,41.8,65.660,24.5,30.9,18.3,18.7,18.1,18.1,18.1,18.1,18.3,18.5,18.1,18.1,18.1,18.1,54.70,55.43,54.03,54.02,55.47,55.47,54.72,0.00,5.08,49.62,0.42,1331,23,2.0,0.3,0,0,0.0,0.0,0,
13.9.2026,21:47:11.376,10890,26660,29.0,9978,22453,30.7,0.0,5120,0,1.273,1.137,1.325,1.302,1.317,1.242,1.277,1.287,1.292,1.031,0.843,4800.8,4489.0,4888.0,4888.0,4888.0,4788.3,4788.3,4888.0,4788.3,99.8,3990.2,99.8,186.2,676.5,97.4,233.0,303.3,165.2,109.2,136.4,104.2,147.4,39.8,234.7,153.3,92.1,72.7,370.3,43.7,186.2,5.0,14.6,2.5,6.3,7.6,4.0,4.3,4.1,4.3,3.5,1.4,5.8,4.1,4.0,3.6,8.4,1.5,14.6,5.0,100.0,7.5,26.8,3.9,9.5,12.0,6.7,4.3,5.4,4.3,5.7,1.6,9.9,6.7,3.7,3.0,14.7,1.8,7.5,48.1,45.0,49.0,49.0,49.0,48.0,48.0,49.0,48.0,40.0,68,72,73,71,69,64,70,64,62,32,28,27,29,31,36,30,36,38,73,73,Yes,Yes,No,No,No,No,No,No,No,No,No,No,No,No,No,No,No,No,No,No,No,No,No,No,No,No,No,Yes,No,No,74,74,62,21.739,16.857,11.610,0.151,1.970,1.064,0.572,85.0,65.0,125.0,98.0,0,30.8,0.0,4.1,14.3,2.1,5.2,6.5,3.7,2.5,3.0,2.4,3.1,1.0,5.5,3.8,2.1,1.7,8.0,1.1,83.2,80.0,76.4,83.3,92.7,95.1,55.9,95.1,87.4,1064.1,10.67,15,15,15,35,62,374,1,2,Yes,No,Yes,No,No,No,No,No,No,No,Yes,No,No,No,No,No,No,No,No,No,No,No,No,No,No,No,No,No,No,No,No,No,No,No,No,No,No,70.0,60,60,67,97.0,100.0,No,No,16291,13114,0.0,0.0,0.0,0.008,0.020,5320,7288,69.1,79.0,87.0,0.669,19.060,19.012,19.108,39.703,18.929,30.999,3.232,34.260,12.000,30.999,9.348,6.337,24.253,40.000,40.000,1095.0,1375.2,967.0,1128.5,1042.0,922.0,1095.3,1373.4,1042.3,100.0,37.0,0.0,1.0,76.7,19.7,98.5,0.0,0.0,0.0,0.0,Yes,Yes,No,No,No,No,No,0,0,0,0,0,0,0,0,0,10,0,0,0,0,0,0,0,0,0,0,0,0,0,0,0,0,0,0,0,0,955,3141,3013,119,16.0,61,0.677,0.151,550.0,1330.0,0.7,0.3,0.0,0.2,0.8,0.0,0.0,0.0,0.0,3.3,538,15677,539,No,No,No,No,No,No,No,No,15.913,29.768,41.8,65.800,24.5,30.9,18.3,18.5,18.0,18.0,18.0,18.0,18.3,18.6,18.0,17.9,17.9,17.9,54.68,55.72,53.64,53.59,55.73,55.73,54.73,0.00,5.21,49.46,0.54,1331,23,0.1,5.6,0,0,0.0,0.0,0,
13.9.2026,21:47:13.382,10891,26660,29.0,9979,22452,30.7,0.0,5120,0,1.311,1.307,1.322,1.295,1.315,1.320,1.312,1.285,1.332,1.031,0.706,4913.0,4987.8,4888.0,4888.0,4888.0,4987.8,4888.0,4888.0,4888.0,99.8,3990.2,99.8,181.9,562.7,100.7,358.7,352.7,187.9,57.5,263.2,81.4,65.5,92.7,136.5,100.0,114.2,122.3,265.2,49.6,181.9,4.0,11.9,2.8,7.6,8.0,4.0,1.3,6.2,1.8,0.0,2.7,3.0,2.3,2.4,2.6,5.8,1.1,11.9,4.0,100.0,7.3,22.4,4.0,14.3,14.5,7.6,2.4,10.3,3.4,2.6,3.7,5.6,4.3,4.6,4.9,10.6,2.1,7.3,49.2,50.0,49.0,49.0,49.0,50.0,49.0,49.0,49.0,40.0,64,69,68,62,65,61,64,62,62,36,31,32,38,35,39,36,38,38,69,69,No,No,No,No,No,No,No,No,No,No,No,No,No,No,No,No,No,No,No,No,No,No,No,No,No,No,No,No,No,No,75,75,62,24.610,17.036,11.409,0.369,1.970,1.177,0.592,85.0,65.0,125.0,98.0,0,17.3,0.0,4.0,12.0,2.1,7.7,8.1,4.1,1.4,5.6,2.0,1.4,2.0,3.1,2.5,2.5,2.7,5.9,1.2,81.2,81.9,34.7,85.4,90.5,96.3,79.4,94.0,87.5,1064.1,10.67,15,15,15,35,62,374,1,2,Yes,No,Yes,No,No,No,No,No,No,No,Yes,No,No,No,No,No,No,No,No,No,No,No,No,No,No,No,Yes,No,No,No,No,No,No,No,Yes,No,No,70.0,60,60,67,97.0,100.0,No,No,16291,13114,0.0,0.0,0.0,0.000,0.014,5320,7288,69.3,79.0,87.0,0.713,19.093,19.044,19.143,39.305,19.510,30.911,3.637,34.572,12.000,30.911,9.746,5.081,29.221,40.000,40.000,1207.0,1375.2,1065.0,1129.3,1147.0,1020.0,1207.6,1373.7,1147.3,100.0,35.0,0.0,1.0,76.7,20.0,100.0,0.0,0.0,0.0,0.0,Yes,Yes,No,No,No,No,No,0,0,0,0,0,0,0,0,0,10,0,0,0,0,0,0,0,0,0,0,0,0,0,0,0,0,0,0,0,0,956,3140,3013,119,16.0,61,0.675,0.369,550.0,1596.0,0.6,0.3,0.0,0.2,0.8,0.0,0.0,0.0,0.0,3.3,538,15677,539,No,No,No,No,No,No,No,No,15.918,29.768,41.8,65.821,24.5,30.9,17.5,17.9,17.1,17.0,17.0,17.0,17.4,17.7,17.2,17.2,17.2,17.2,57.26,58.25,56.11,56.06,58.27,58.27,57.37,0.00,5.08,52.19,0.68,1331,23,8.0,0.3,0,0,0.0,0.0,0,
13.9.2026,21:47:15.383,10888,26663,28.9,9978,22452,30.7,0.0,5120,0,1.309,1.305,1.317,1.295,1.312,1.317,1.310,1.285,1.330,1.031,0.843,4913.0,4987.8,4888.0,4888.0,4888.0,4987.8,4888.0,4888.0,4888.0,99.8,3990.2,99.8,176.5,465.0,119.6,276.8,267.0,285.2,136.1,336.9,74.9,12.8,136.6,147.0,123.4,71.7,78.1,238.1,55.4,176.5,4.4,9.8,1.8,6.0,4.9,6.5,2.3,7.1,1.7,11.3,2.9,3.3,2.7,1.6,1.8,5.2,1.3,11.3,4.4,100.0,7.1,18.5,4.7,11.2,10.6,11.9,5.6,13.1,3.1,0.5,5.4,6.0,5.1,2.9,3.2,9.6,2.3,7.1,49.2,50.0,49.0,49.0,49.0,50.0,49.0,49.0,49.0,40.0,62,64,62,61,63,61,63,61,59,38,36,38,39,37,39,37,39,41,64,64,No,No,No,No,No,No,No,No,No,No,No,No,No,No,No,No,No,No,No,No,No,No,No,No,No,No,No,No,No,No,89,89,62,21.739,16.970,11.533,0.250,1.971,1.116,0.586,85.0,65.0,125.0,98.0,0,18.2,0.0,3.9,10.0,2.6,6.2,5.8,6.7,3.2,7.1,1.8,0.3,2.9,3.3,2.8,1.7,1.8,5.3,1.4,81.2,84.8,71.8,37.5,89.2,96.0,85.5,95.7,89.5,1330.1,13.33,19,19,19,43,62,467,2,1,Yes,No,Yes,No,No,No,No,No,No,No,Yes,No,No,No,No,No,No,No,No,No,No,No,No,No,No,No,No,No,No,No,No,No,No,No,No,No,No,70.0,60,60,67,97.0,100.0,No,No,16291,13114,0.0,0.0,0.0,0.000,0.008,5320,7288,70.0,80.0,87.0,0.694,19.085,19.035,19.134,39.585,19.397,31.965,3.217,35.206,12.000,31.965,9.326,3.162,28.333,40.000,40.000,1072.0,1375.2,937.0,1128.0,1012.0,900.0,1072.4,1373.5,1012.4,100.0,36.0,0.0,1.0,76.7,20.0,100.0,0.0,0.0,0.0,0.0,Yes,Yes,No,No,No,No,No,0,0,0,0,0,0,0,0,0,10,0,0,0,0,0,0,0,0,0,0,0,0,0,0,0,0,0,0,0,0,956,3140,3013,119,16.0,61,0.662,0.250,500.0,1330.0,0.7,0.3,0.0,0.2,0.8,0.0,0.0,0.0,0.0,3.3,538,15677,539,No,No,No,No,No,No,No,No,15.920,29.768,41.8,65.750,24.5,30.9,18.0,18.3,17.6,17.6,17.6,17.6,18.0,18.3,17.6,17.6,17.6,17.6,55.71,56.90,54.62,54.62,56.91,56.91,55.55,0.00,4.98,50.74,0.93,1331,23,4.5,0.3,0,0,0.0,0.0,0,
13.9.2026,21:47:17.380,10890,26660,29.0,9978,22452,30.7,0.0,5120,0,1.283,1.137,1.317,1.295,1.312,1.320,1.310,1.285,1.290,1.031,0.843,4838.2,4489.0,4888.0,4888.0,4888.0,4987.8,4888.0,4888.0,4788.3,99.8,3990.2,99.8,175.1,389.0,183.8,278.8,252.3,310.2,118.0,308.0,75.7,31.8,78.1,93.4,106.1,157.3,95.9,249.5,73.5,175.1,3.6,8.4,4.6,4.7,4.6,7.3,3.4,5.1,1.7,3.0,1.7,1.5,2.4,1.9,0.7,5.6,0.2,8.4,3.6,100.0,7.1,15.6,7.2,11.3,10.0,13.0,4.7,12.0,3.1,1.3,3.1,3.9,4.5,6.3,3.9,10.0,3.0,7.1,48.5,45.0,49.0,49.0,49.0,50.0,49.0,49.0,48.0,40.0,63,66,62,62,63,63,65,62,61,37,34,38,38,37,37,35,38,39,66,66,Yes,Yes,No,No,No,No,No,No,No,No,No,No,No,No,No,No,No,No,No,No,No,No,No,No,No,No,No,Yes,No,No,68,68,62,13.946,16.728,11.345,0.242,1.970,1.089,0.574,85.0,65.0,125.0,98.0,0,20.7,0.0,3.9,8.4,3.9,6.2,5.4,7.4,2.6,6.6,1.7,0.7,1.7,2.2,2.4,3.4,2.2,5.6,1.8,81.1,84.1,75.8,37.3,90.4,96.6,87.1,92.2,85.7,1064.1,10.67,15,15,15,35,62,374,1,2,Yes,No,Yes,No,No,No,No,No,No,No,Yes,No,No,No,No,No,No,No,No,No,No,No,No,No,No,No,No,No,No,No,No,No,No,No,No,No,No,70.0,60,60,67,97.0,100.0,No,No,16291,13114,0.0,0.0,0.0,0.000,0.002,5320,7288,70.4,80.4,87.0,0.719,19.056,19.007,19.105,39.490,19.561,31.166,3.231,34.427,12.000,31.166,9.351,6.362,28.784,40.000,40.000,1080.0,1375.2,967.0,1129.8,1042.0,922.0,1079.7,1373.6,1042.3,100.0,37.0,0.0,1.0,76.7,19.6,97.8,0.0,0.0,0.0,0.0,Yes,Yes,No,No,No,No,No,0,0,0,0,0,0,0,0,0,10,0,0,0,0,0,0,0,0,0,0,0,0,0,0,0,0,0,0,0,0,956,3140,3013,119,16.0,61,0.675,0.242,550.0,1330.0,0.6,0.2,0.0,0.2,0.8,0.0,0.0,0.0,0.0,3.1,502,15713,503,No,No,No,No,No,No,No,No,15.921,29.768,41.8,65.865,24.5,30.9,17.9,18.6,17.5,17.5,17.5,17.5,17.9,18.2,17.7,17.7,17.7,17.7,55.88,56.73,54.85,54.84,56.74,56.74,55.94,0.00,4.90,50.98,0.59,1331,23,2.8,0.2,0,0,0.0,0.0,0,
13.9.2026,21:47:19.383,10889,26661,28.9,9977,22453,30.7,0.0,5120,0,1.290,1.137,1.320,1.297,1.315,1.320,1.312,1.285,1.330,1.031,0.843,4850.6,4489.0,4888.0,4888.0,4888.0,4987.8,4888.0,4888.0,4888.0,99.8,3990.2,99.8,186.5,366.4,125.5,365.4,272.9,372.9,142.6,368.5,47.2,95.3,90.1,124.8,100.1,83.2,75.1,276.6,78.1,186.5,3.9,7.7,2.5,8.5,6.3,8.3,2.2,8.3,0.0,0.0,1.0,3.4,2.1,1.7,1.5,5.8,2.4,8.5,3.9,100.0,7.5,14.7,5.0,14.6,10.8,15.5,5.7,14.4,2.0,3.7,3.6,5.1,4.3,3.4,3.1,11.0,3.2,7.5,48.6,45.0,49.0,49.0,49.0,50.0,49.0,49.0,49.0,40.0,63,66,65,64,65,63,64,61,59,37,34,35,36,35,37,36,39,41,66,66,Yes,No,Yes,No,No,No,No,No,No,No,No,No,No,No,No,No,No,No,No,No,No,No,No,No,No,No,No,Yes,No,No,69,69,62,9.434,16.649,11.202,0.278,1.970,1.113,0.572,85.0,65.0,125.0,98.0,0,23.4,0.0,4.1,8.0,2.7,8.0,5.8,8.6,3.2,7.8,1.1,2.0,2.0,2.8,2.3,1.9,1.8,6.1,1.8,81.7,84.3,75.1,40.6,90.0,95.3,86.5,94.6,86.9,1064.1,10.67,15,15,15,35,62,374,1,2,Yes,No,Yes,No,No,No,No,No,No,No,Yes,No,No,No,No,No,No,No,No,No,No,No,No,No,No,No,No,No,No,No,No,No,No,No,No,No,No,70.0,60,60,67,97.0,100.0,No,No,16291,13114,0.0,0.1,0.1,0.000,0.032,5320,7288,70.4,80.1,87.0,0.688,19.054,19.007,19.101,39.266,18.391,29.865,3.383,33.293,12.000,29.865,9.506,5.644,23.569,40.000,40.000,1147.0,1375.2,1020.0,1125.3,1102.0,975.0,1147.0,1373.3,1101.6,100.0,37.0,0.0,1.0,76.7,20.0,100.0,0.0,0.0,0.0,0.0,Yes,Yes,No,No,No,No,No,0,0,0,0,0,0,0,0,0,10,0,0,0,0,0,0,0,0,0,0,0,0,0,0,0,0,0,0,0,0,956,3140,3013,119,16.0,61,0.675,0.278,550.0,1596.0,0.6,0.2,0.0,0.1,0.7,0.0,0.0,0.0,0.0,3.1,502,15713,503,No,No,No,No,No,No,No,No,15.925,29.768,41.8,65.818,24.5,30.9,17.9,18.2,17.5,17.5,17.5,17.5,17.9,18.2,17.6,17.6,17.6,17.6,55.98,56.60,54.82,54.73,56.62,56.62,55.98,0.00,4.71,51.27,0.43,1331,23,0.1,0.2,0,0,0.0,0.0,0,
13.9.2026,21:47:21.383,10890,26661,29.0,9979,22452,30.7,0.0,5120,0,1.292,1.170,1.315,1.295,1.312,1.320,1.310,1.285,1.332,1.031,0.843,4863.1,4588.8,4888.0,4888.0,4888.0,4987.8,4888.0,4888.0,4888.0,99.8,3990.2,99.8,213.2,714.2,140.9,217.5,264.7,218.2,183.3,239.3,111.1,203.7,98.6,212.3,164.0,108.1,88.5,322.2,124.9,213.2,4.8,15.3,3.0,5.6,6.4,5.1,4.0,5.1,3.2,4.3,2.2,4.8,3.6,2.4,2.0,7.1,3.5,15.3,4.8,100.0,8.6,28.2,5.5,9.0,10.5,9.3,7.3,9.4,4.5,7.9,3.9,8.7,6.8,4.3,3.6,12.9,5.0,8.6,48.8,46.0,49.0,49.0,49.0,50.0,49.0,49.0,49.0,40.0,62,64,61,61,63,61,63,61,62,38,36,39,39,37,39,37,39,38,65,64,Yes,Yes,No,No,No,Yes,No,No,No,No,No,No,No,No,No,No,No,No,No,No,No,No,No,No,No,No,No,Yes,No,No,69,69,62,19.278,16.909,11.448,0.268,1.969,1.125,0.573,85.0,65.0,125.0,98.0,0,34.0,0.0,4.7,15.4,3.0,5.0,5.7,5.2,4.0,5.1,2.5,4.3,2.2,4.8,3.7,2.4,2.1,7.2,2.8,82.6,78.9,78.9,66.4,90.6,92.5,74.9,94.0,85.0,1330.1,13.33,19,19,19,43,62,467,2,1,Yes,No,Yes,No,No,No,No,No,No,No,Yes,No,No,No,No,No,No,No,No,No,No,No,No,No,No,No,No,No,No,No,No,No,No,No,No,No,No,70.0,60,60,67,97.0,100.0,No,No,16291,13114,0.0,0.0,0.0,0.000,0.075,5320,7288,70.3,80.2,87.0,0.713,19.090,19.042,19.139,39.457,16.684,28.442,3.485,31.943,12.000,28.442,9.611,6.150,13.396,40.000,40.000,1200.0,1375.2,1065.0,1125.7,1147.0,1020.0,1199.7,1374.1,1146.8,100.0,36.0,0.0,1.0,76.7,20.0,100.0,0.0,0.0,0.0,0.0,Yes,Yes,No,No,No,No,No,0,0,0,0,0,0,0,0,0,10,0,0,0,0,0,0,0,0,0,0,0,0,0,0,0,0,0,0,0,0,956,3140,3013,119,16.0,61,0.677,0.268,550.0,1596.0,0.6,0.3,0.0,0.2,0.8,0.0,0.0,0.0,0.0,3.1,502,15713,503,No,No,No,No,No,No,No,No,15.932,30.278,42.5,65.751,24.5,30.9,17.3,18.8,14.0,13.7,13.7,13.7,17.3,18.3,14.0,13.7,13.7,13.7,57.95,71.47,54.68,54.66,73.05,73.05,57.76,0.00,5.31,52.64,4.05,1331,23,2.3,0.2,0,0,0.0,0.0,0,
13.9.2026,21:47:23.367,10891,26659,29.0,9979,22452,30.7,0.0,5120,0,1.309,1.305,1.315,1.295,1.312,1.320,1.310,1.285,1.332,1.031,0.843,4913.0,4987.8,4888.0,4888.0,4888.0,4987.8,4888.0,4888.0,4888.0,99.8,3990.2,99.8,191.7,649.7,266.9,214.0,308.4,184.4,65.8,119.1,83.5,146.9,97.7,112.4,129.4,61.4,64.1,389.5,174.4,191.7,4.3,13.7,4.6,4.6,6.5,3.9,0.6,2.4,1.8,7.3,2.8,2.4,2.7,0.5,2.2,8.1,4.2,13.7,4.3,100.0,7.7,25.8,10.4,8.8,12.2,7.5,2.7,4.8,3.5,5.7,3.9,4.6,5.4,2.5,2.7,15.5,8.1,7.7,49.2,50.0,49.0,49.0,49.0,50.0,49.0,49.0,49.0,40.0,62,65,62,61,63,61,63,61,61,38,35,38,39,37,39,37,39,39,65,65,Yes,No,No,No,No,Yes,No,No,No,No,No,No,No,No,No,No,No,No,No,No,No,No,No,No,No,No,No,Yes,No,No,73,73,62,23.789,18.247,12.531,0.431,1.970,1.188,0.588,85.0,65.0,125.0,98.0,0,41.9,0.0,4.2,13.8,5.5,4.8,6.6,4.0,1.6,2.6,2.0,3.1,2.1,2.5,2.9,1.4,1.6,8.3,4.6,85.0,77.0,77.0,83.1,93.3,94.0,86.1,94.3,75.6,1330.1,13.33,19,19,19,43,62,467,2,1,Yes,No,Yes,No,No,No,No,No,No,No,Yes,No,No,No,No,No,No,No,No,No,No,No,No,No,No,No,No,No,No,No,No,No,No,No,No,No,No,72.0,60,60,67,97.0,100.0,No,No,16291,13114,0.0,0.1,0.1,0.000,0.112,5320,7288,70.0,79.8,87.0,0.713,19.090,19.041,19.138,39.613,17.307,29.286,3.351,32.669,12.000,29.286,9.462,8.370,14.031,40.000,40.000,1080.0,1375.2,967.0,1136.9,1042.0,922.0,1079.8,1374.2,1041.8,100.0,37.0,0.0,1.0,76.7,20.0,99.8,0.0,0.0,0.0,0.0,Yes,Yes,No,No,No,No,No,0,0,0,0,0,0,0,0,0,10,0,0,0,0,0,0,0,0,0,0,0,0,0,0,0,0,0,0,0,0,955,3141,3013,119,16.0,61,0.675,0.431,550.0,1330.0,0.7,0.3,0.0,0.2,0.8,0.0,0.0,0.0,0.0,3.1,502,15713,503,No,No,No,No,No,No,No,No,15.935,30.278,42.5,65.636,24.5,30.9,17.4,17.9,17.0,17.0,17.0,17.0,17.3,17.6,17.0,17.0,17.0,17.0,57.50,58.67,56.00,55.92,58.68,58.68,57.72,0.00,5.60,51.90,0.89,1331,23,6.3,0.2,0,0,0.0,0.0,0,
13.9.2026,21:47:25.381,10891,26660,29.0,9978,22452,30.7,0.0,5120,0,1.303,1.282,1.315,1.300,1.312,1.320,1.315,1.285,1.295,1.031,0.703,4888.0,4888.0,4888.0,4888.0,4888.0,4987.8,4888.0,4888.0,4788.3,99.8,3990.2,99.8,199.2,634.3,298.0,201.0,249.7,202.1,88.3,183.0,178.4,117.0,76.5,102.2,134.1,68.5,86.9,404.6,162.8,199.2,5.1,13.8,6.5,4.8,5.8,4.7,3.9,3.5,5.0,3.6,2.8,2.7,3.3,4.2,3.1,8.9,4.5,13.8,5.1,100.0,8.0,25.2,11.6,8.3,9.9,8.1,3.6,7.2,7.2,4.6,3.0,4.1,5.6,2.8,3.5,16.0,7.8,8.0,49.0,49.0,49.0,49.0,49.0,50.0,49.0,49.0,48.0,40.0,66,77,62,69,63,63,68,62,66,34,23,38,31,37,37,32,38,34,77,77,No,No,No,No,No,No,No,No,No,No,No,No,No,No,No,No,No,No,No,No,No,No,No,No,No,No,No,No,No,No,91,91,62,23.789,17.203,11.247,0.589,1.970,1.242,0.598,85.0,65.0,125.0,98.0,0,41.5,0.0,4.4,13.6,6.1,4.5,5.5,4.4,2.0,3.9,4.0,2.5,1.7,2.3,3.0,1.6,2.0,8.6,4.3,84.9,77.6,76.8,82.6,89.4,95.0,86.8,95.5,75.6,1330.1,13.33,19,19,19,43,62,467,2,1,Yes,No,Yes,No,No,No,No,No,No,No,Yes,No,No,No,No,No,No,No,No,No,No,No,No,No,No,No,No,No,No,No,No,No,No,No,No,No,No,72.0,60,60,67,97.0,100.0,No,No,16291,13114,0.0,0.2,0.2,0.000,0.055,5320,7289,70.1,79.8,87.0,0.694,19.075,19.026,19.123,39.408,17.498,29.867,3.406,33.293,12.000,29.867,9.522,2.232,19.796,40.000,40.000,1170.0,1375.2,1042.0,1137.2,1125.0,997.0,1169.8,1373.9,1125.0,100.0,36.0,0.0,1.0,76.7,20.0,100.0,0.0,0.0,0.0,0.0,Yes,Yes,No,No,No,No,No,0,0,0,0,0,0,0,0,0,10,0,0,0,0,0,0,0,0,0,0,0,0,0,0,0,0,0,0,0,0,955,3141,3013,119,16.0,62,0.672,0.589,550.0,1330.0,0.7,0.3,0.0,0.2,0.8,0.0,0.0,0.0,0.0,3.1,502,15713,503,No,No,No,No,No,No,No,No,15.939,30.278,42.5,65.860,24.5,30.9,17.7,17.9,17.4,17.4,17.4,17.4,17.8,18.1,17.5,17.5,17.5,17.5,56.43,57.10,55.47,55.45,57.10,57.10,56.08,0.00,5.59,50.84,0.75,1331,23,2.7,0.2,0,0,0.0,0.0,0,
13.9.2026,21:47:27.377,10889,26661,28.9,9978,22452,30.7,0.0,5120,0,1.310,1.305,1.315,1.295,1.312,1.320,1.312,1.287,1.332,1.031,0.703,4913.0,4987.8,4888.0,4888.0,4888.0,4987.8,4888.0,4888.0,4888.0,99.8,3990.2,99.8,198.6,634.7,382.7,233.0,91.4,345.7,64.8,122.3,103.5,193.7,81.9,90.8,143.5,97.4,92.4,348.0,152.0,198.6,3.8,13.2,7.5,4.8,1.8,6.9,0.3,2.2,2.0,2.9,1.4,1.7,2.8,1.8,0.1,7.0,3.5,13.2,3.8,100.0,8.0,25.3,14.9,9.5,3.8,13.7,2.7,4.9,4.3,7.5,3.2,3.7,5.9,3.9,3.8,13.9,7.4,8.0,49.2,50.0,49.0,49.0,49.0,50.0,49.0,49.0,49.0,40.0,63,66,62,62,63,62,65,64,61,37,34,38,38,37,38,35,36,39,66,66,Yes,Yes,No,No,No,No,No,No,No,No,No,No,No,No,No,No,No,No,No,No,No,No,No,No,No,No,No,Yes,No,No,72,72,62,21.328,17.493,11.566,0.522,1.970,1.263,0.606,85.0,65.0,125.0,98.0,0,43.5,0.0,4.4,13.6,7.9,5.2,2.2,7.4,1.6,2.6,2.5,4.1,1.8,2.1,3.2,2.2,2.1,7.4,4.1,85.1,76.3,80.4,80.5,92.2,93.3,85.6,93.1,79.4,1330.1,13.33,19,19,19,43,62,467,2,1,Yes,No,Yes,No,No,No,No,No,No,No,Yes,No,No,No,No,No,No,No,No,No,No,No,No,No,No,No,No,No,No,No,No,No,No,No,No,No,No,72.0,60,60,67,97.0,100.0,No,No,16291,13114,0.0,0.0,0.0,0.000,0.006,5320,7289,70.4,80.3,87.0,0.719,19.075,19.025,19.126,39.571,19.127,31.252,3.405,34.675,12.000,31.252,9.525,5.255,25.654,40.000,40.000,1207.0,1375.2,1087.0,1129.3,1170.0,1035.0,1207.9,1373.9,1169.3,100.0,36.0,0.0,1.0,76.7,20.0,100.0,0.0,0.0,0.0,0.0,Yes,Yes,No,No,No,No,No,0,0,0,0,0,0,0,0,0,10,0,0,0,0,0,0,0,0,0,0,0,0,0,0,0,0,0,0,0,0,955,3141,3013,119,16.0,62,0.675,0.522,550.0,1330.0,0.6,0.3,0.0,0.2,0.8,0.0,0.0,0.0,0.0,3.1,502,15713,503,No,No,No,No,No,No,No,No,15.941,30.278,42.5,65.804,24.5,30.9,19.0,19.7,18.5,18.5,18.5,18.5,19.2,19.9,18.6,18.6,18.6,18.6,52.50,54.02,50.36,50.25,54.06,54.06,51.98,0.00,5.61,46.88,0.96,1331,23,2.8,0.3,0,0,0.0,0.0,0,
13.9.2026,21:47:29.366,10921,26630,29.0,9978,22453,30.7,0.0,5120,0,1.205,1.137,1.320,1.297,1.320,1.322,1.317,1.287,0.640,1.031,0.706,4339.4,4489.0,4888.0,4888.0,4888.0,4987.8,4888.0,4888.0,798.0,99.8,3990.2,99.8,197.6,542.8,276.2,240.8,114.0,315.5,111.2,297.9,93.5,84.2,82.5,96.8,160.5,90.8,88.0,405.8,160.6,197.6,4.7,11.7,6.5,5.4,2.7,6.7,3.3,7.8,2.2,2.6,1.9,2.2,3.5,2.1,3.6,8.8,4.0,11.7,4.7,100.0,8.0,21.7,10.8,9.8,4.6,12.5,4.5,11.7,3.9,3.3,3.2,4.0,6.6,3.7,3.6,16.3,7.4,8.0,43.5,45.0,49.0,49.0,49.0,50.0,49.0,49.0,8.0,40.0,66,67,66,64,70,65,71,64,63,34,33,34,36,30,35,29,36,37,70,71,No,No,No,No,No,No,No,No,No,No,No,No,No,No,No,No,No,No,No,No,No,No,No,No,No,No,No,No,No,No,69,69,61,12.305,17.260,11.289,0.581,1.971,1.256,0.608,85.0,65.0,125.0,98.0,0,41.5,0.0,4.4,11.7,5.7,5.4,2.7,6.7,2.5,6.3,2.2,1.8,1.9,2.2,3.6,2.1,2.1,8.8,4.2,84.2,78.7,79.1,80.7,87.3,95.4,86.8,90.8,75.1,1330.1,13.33,19,19,19,43,62,467,2,1,Yes,No,Yes,No,No,No,No,No,No,No,Yes,No,No,No,No,No,No,No,No,No,No,No,No,No,No,No,No,No,No,No,No,No,No,No,No,No,No,71.0,60,60,67,97.0,100.0,No,No,16291,13114,0.0,0.2,0.2,0.008,0.142,5320,7289,70.8,80.6,87.0,0.662,19.064,19.015,19.113,39.457,17.389,29.594,3.423,33.008,12.000,29.594,9.533,7.778,14.177,40.000,40.000,1057.0,1375.2,937.0,1118.2,1012.0,900.0,1057.3,1373.3,1012.4,100.0,38.0,0.0,1.0,76.7,20.0,100.0,0.0,0.0,0.0,0.0,Yes,Yes,No,No,No,No,No,0,0,0,0,0,0,0,0,0,10,0,0,0,0,0,0,0,0,0,0,0,0,0,0,0,0,0,0,0,0,955,3141,3013,119,16.0,63,0.675,0.581,550.0,1596.0,0.6,0.2,0.0,0.2,0.8,0.0,0.0,0.0,0.0,3.1,502,15713,503,No,No,No,No,No,No,No,No,15.945,30.278,42.5,65.805,24.5,30.9,19.7,20.7,18.5,18.5,18.5,18.5,19.8,20.6,18.5,18.5,18.5,18.5,50.92,54.21,48.32,48.25,54.24,54.24,50.59,0.00,5.41,45.51,1.49,1331,23,2.7,0.2,0,0,0.0,0.0,0,
13.9.2026,21:47:31.376,10922,26628,29.0,9977,22453,30.7,0.0,5120,0,1.313,1.310,1.317,1.297,1.315,1.322,1.312,1.295,1.337,0.913,0.843,4913.0,4987.8,4888.0,4888.0,4888.0,4987.8,4888.0,4888.0,4888.0,99.8,3491.5,99.8,186.8,330.3,309.3,295.1,63.5,368.8,122.1,349.0,94.6,38.3,58.4,246.1,161.4,79.4,99.0,298.8,75.1,186.8,4.0,7.6,6.7,6.2,1.1,8.2,2.4,7.8,2.6,0.0,1.0,5.6,3.2,2.2,2.7,6.2,0.6,8.2,4.0,100.0,7.5,13.4,11.8,11.9,2.6,14.7,4.9,13.7,3.9,1.5,2.4,10.5,6.7,3.2,4.0,11.9,3.0,7.5,49.2,50.0,49.0,49.0,49.0,50.0,49.0,49.0,49.0,35.0,67,71,63,65,64,65,66,75,65,33,29,37,35,36,35,34,25,35,82,75,No,No,No,No,No,No,No,No,No,No,No,No,No,No,No,No,No,No,No,No,No,No,No,No,No,No,No,No,No,No,67,67,62,10.664,17.428,11.517,0.545,1.970,1.240,0.607,85.0,65.0,125.0,98.0,0,30.7,0.0,4.2,7.3,6.4,6.6,1.5,7.9,2.8,7.4,2.2,0.8,1.4,6.0,3.6,1.8,2.3,6.6,1.8,82.3,83.3,78.2,78.8,85.3,96.8,56.2,93.1,87.0,1064.1,10.67,15,15,15,35,62,374,1,2,Yes,No,Yes,No,No,No,No,No,No,No,Yes,No,No,No,No,No,No,No,No,No,No,No,No,No,No,No,No,No,No,No,No,No,No,No,No,No,No,72.0,60,60,67,97.0,100.0,No,No,16291,13114,0.0,0.0,0.0,0.000,0.002,5320,7289,70.7,80.8,87.0,0.662,19.101,19.052,19.150,39.427,17.617,29.383,3.525,32.937,12.000,29.383,9.648,4.397,19.665,40.000,40.000,1102.0,1375.2,982.0,1111.2,1057.0,937.0,1100.8,1373.9,1055.5,100.0,37.0,0.0,1.0,76.7,20.0,100.0,0.0,0.0,0.0,0.0,Yes,Yes,No,No,No,No,No,0,0,0,0,0,0,0,0,0,10,0,0,0,0,0,0,0,0,0,0,0,0,0,0,0,0,0,0,0,0,955,3141,3014,119,16.0,62,0.672,0.545,550.0,1330.0,0.6,0.3,0.0,0.2,0.8,0.0,0.0,0.0,0.0,3.1,502,15713,503,No,No,No,No,No,No,No,No,15.948,30.278,42.5,65.865,24.5,30.9,20.4,21.0,19.9,19.9,19.9,19.9,20.5,20.9,20.0,20.0,20.0,20.0,48.82,50.15,47.76,47.74,50.19,50.19,48.74,0.00,4.62,44.20,0.64,1331,23,6.4,0.2,0,0,0.0,0.0,0,
13.9.2026,21:47:33.378,10889,26661,28.9,9978,22453,30.7,0.0,5120,0,1.310,1.305,1.317,1.295,1.315,1.320,1.312,1.285,1.332,1.031,0.843,4913.0,4987.8,4888.0,4888.0,4888.0,4987.8,4888.0,4888.0,4888.0,99.8,3990.2,99.8,178.7,243.7,242.8,318.5,89.4,401.0,182.9,331.8,102.4,57.9,62.8,123.2,144.1,95.1,96.0,284.3,84.0,178.7,3.4,5.2,3.4,7.5,2.5,8.7,2.9,6.7,2.1,0.0,0.4,3.2,2.9,0.3,0.4,6.7,1.7,8.7,3.4,100.0,7.2,10.0,9.8,13.0,3.7,16.5,7.3,13.0,4.2,2.3,2.5,5.0,6.0,3.8,3.9,11.4,3.5,7.2,49.2,50.0,49.0,49.0,49.0,50.0,49.0,49.0,49.0,40.0,63,64,65,61,65,61,65,61,60,37,36,35,39,35,39,35,39,40,65,65,No,No,No,No,No,No,No,No,No,No,No,No,No,No,No,No,No,No,No,No,No,No,No,No,No,No,No,No,No,No,72,72,62,11.074,17.043,11.390,0.368,1.970,1.189,0.586,85.0,65.0,125.0,98.0,0,23.0,0.0,4.0,5.5,5.1,7.2,2.1,9.1,4.0,7.0,2.4,1.2,1.5,2.8,3.2,2.1,2.2,6.3,2.0,80.5,84.5,71.8,45.2,87.0,94.8,84.1,92.3,84.2,1064.1,10.67,15,15,15,35,62,374,1,2,Yes,No,Yes,No,No,No,No,No,No,No,Yes,No,No,No,No,No,No,No,No,No,No,No,No,No,No,No,No,No,No,No,No,No,No,No,No,No,No,72.0,60,60,67,97.0,100.0,No,No,16291,13114,0.0,0.0,0.0,0.000,0.004,5320,7289,70.9,80.7,87.0,0.675,19.078,19.029,19.126,39.391,17.892,30.374,3.387,33.777,12.000,30.374,9.497,6.844,16.882,40.000,40.000,1117.0,1375.2,982.0,1102.5,1057.0,937.0,1117.3,1373.7,1057.7,100.0,39.0,0.0,1.0,76.7,19.9,99.7,0.0,0.0,0.0,0.0,Yes,Yes,No,No,No,No,No,0,0,0,0,0,0,0,0,0,10,0,0,0,0,0,0,0,0,0,0,0,0,0,0,0,0,0,0,0,0,955,3141,3014,119,16.0,63,0.675,0.368,550.0,1596.0,0.6,0.2,0.0,0.2,0.8,0.0,0.0,0.0,0.0,3.1,502,15713,503,No,No,No,No,No,No,No,No,15.947,30.278,42.5,65.813,24.5,30.9,20.7,21.1,20.2,20.2,20.2,20.2,20.7,21.1,20.4,20.4,20.4,20.4,48.40,49.23,47.42,47.41,49.26,49.26,48.33,0.00,4.30,44.09,0.74,1331,23,2.7,0.2,0,0,0.0,0.0,0,
13.9.2026,21:47:35.383,10889,26662,28.9,9978,22453,30.7,0.0,5120,0,1.199,1.137,0.637,1.295,1.315,1.275,1.312,1.285,1.335,1.031,0.843,4326.9,4489.0,798.0,4888.0,4888.0,4888.0,4888.0,4888.0,4888.0,99.8,3990.2,99.8,185.6,275.3,303.6,409.6,146.6,289.0,109.8,405.5,76.5,96.8,83.9,119.7,124.4,71.5,101.5,270.1,86.0,185.6,5.8,6.2,7.7,8.2,3.7,6.2,4.0,8.6,0.3,24.8,3.4,2.8,2.8,0.9,3.8,5.9,3.6,24.8,5.8,100.0,7.5,11.2,11.9,16.4,6.2,11.5,4.4,15.8,3.2,3.8,3.3,4.9,5.2,2.9,4.1,10.8,3.7,7.5,43.4,45.0,8.0,49.0,49.0,49.0,49.0,49.0,49.0,40.0,63,65,62,61,64,62,65,61,64,37,35,38,39,36,38,35,39,36,65,65,Yes,Yes,No,No,No,Yes,No,No,No,No,No,No,No,No,No,No,No,No,No,No,No,No,No,No,No,No,No,Yes,No,No,97,97,63,25.020,16.785,11.295,0.266,1.969,1.142,0.577,85.0,65.0,125.0,98.0,0,12.2,0.0,4.1,6.3,6.3,9.0,3.7,6.2,2.5,8.6,1.8,2.0,1.9,2.8,2.9,1.7,2.4,5.9,2.2,79.3,83.5,24.5,80.0,86.5,95.3,86.0,95.1,83.3,1596.1,16.00,22,22,22,52,62,560,1,2,Yes,No,Yes,No,No,No,No,No,No,No,Yes,No,No,No,No,No,No,No,No,No,No,No,No,No,No,No,No,No,No,No,No,No,No,No,No,No,No,72.0,60,60,67,97.0,100.0,No,No,16291,13114,0.0,0.0,0.0,0.000,0.038,5320,7289,70.7,80.2,87.0,0.694,19.109,19.060,19.159,39.158,17.365,29.513,3.488,33.011,12.000,29.513,9.606,7.827,13.964,40.000,40.000,1177.0,1375.2,1042.0,1100.7,1125.0,997.0,1176.4,1374.0,1124.4,100.0,39.0,0.0,1.0,76.7,0.0,0.0,0.0,0.0,0.0,0.0,Yes,Yes,No,No,No,No,No,0,0,0,0,0,0,0,0,0,10,0,0,0,0,0,0,0,0,0,0,0,0,0,0,0,0,0,0,0,0,955,3141,3014,119,16.0,62,0.675,0.266,550.0,1596.0,0.7,0.3,0.0,0.2,0.8,0.0,0.0,0.0,0.0,3.1,502,15713,503,No,No,No,No,No,No,No,No,15.953,30.278,42.5,65.854,24.5,30.9,19.5,22.1,14.1,13.6,13.5,13.5,19.4,21.8,14.2,13.7,13.6,13.6,51.41,70.68,45.69,45.29,73.56,73.56,51.54,0.00,4.35,47.06,4.32,1331,23,7.5,2.9,0,0,0.0,0.0,0,
13.9.2026,21:47:37.383,10922,26629,29.0,9978,22453,30.7,0.0,5120,0,1.201,1.305,0.637,1.100,1.315,1.320,1.310,1.285,1.332,1.031,0.703,4326.9,4987.8,798.0,4289.5,4888.0,4987.8,4888.0,4888.0,4888.0,99.8,3990.2,99.8,184.2,391.6,260.3,387.1,90.8,307.7,87.5,270.2,100.0,39.9,92.5,144.9,131.8,91.0,83.4,339.6,128.3,184.2,3.8,8.3,3.7,9.1,1.9,5.6,1.0,4.8,3.6,0.0,1.1,3.0,3.4,4.1,1.7,7.1,2.3,9.1,3.8,100.0,7.4,15.8,10.2,15.7,3.8,12.3,3.5,10.6,4.1,1.6,3.7,5.8,5.5,3.6,3.4,13.5,5.8,7.4,43.4,50.0,8.0,43.0,49.0,50.0,49.0,49.0,49.0,40.0,63,65,64,62,65,63,63,61,61,37,35,36,38,35,37,37,39,39,66,65,Yes,Yes,No,No,No,No,No,No,No,No,No,No,No,No,No,No,No,No,No,No,No,No,No,No,No,No,No,Yes,No,No,66,66,62,10.664,17.279,11.970,0.153,1.970,1.087,0.571,85.0,65.0,125.0,98.0,0,35.6,0.0,4.1,8.6,5.4,8.7,2.2,6.6,2.0,5.7,2.3,0.8,2.1,3.2,3.0,2.1,1.9,7.3,3.3,83.5,82.1,66.6,80.4,89.9,96.1,85.1,94.7,73.0,1330.1,13.33,19,19,19,43,62,467,2,1,Yes,No,Yes,No,No,No,No,No,No,No,Yes,No,No,No,No,No,No,No,No,No,No,No,No,No,No,No,No,No,No,No,No,No,No,No,No,No,No,71.0,60,60,67,97.0,100.0,No,No,16291,13114,0.0,0.0,0.0,0.000,0.008,5320,7289,71.1,81.1,87.0,0.681,19.105,19.056,19.155,39.506,18.191,30.281,3.544,33.846,12.000,30.281,9.656,4.483,21.440,40.000,40.000,1125.0,1375.2,1005.0,1107.6,1087.0,967.0,1125.1,1373.5,1087.3,100.0,39.0,0.0,1.0,76.7,20.0,100.0,0.0,0.0,0.0,0.0,Yes,Yes,No,No,No,No,No,0,0,0,0,0,0,0,0,0,10,0,0,0,0,0,0,0,0,0,0,0,0,0,0,0,0,0,0,0,0,955,3141,3014,119,16.0,62,0.675,0.153,550.0,1330.0,0.7,0.3,0.0,0.2,0.8,0.0,0.0,0.0,0.0,3.1,502,15713,503,No,No,No,No,No,No,No,No,15.950,30.278,42.5,65.842,24.5,30.9,18.5,22.4,17.3,17.3,17.3,17.3,18.1,20.2,17.5,17.5,17.5,17.5,54.44,57.11,49.26,49.01,57.17,57.17,55.25,0.00,5.28,49.16,2.01,1331,23,5.4,0.3,0,0,0.0,0.0,0,
13.9.2026,21:47:39.388,10922,26629,29.0,9979,22452,30.7,0.0,5120,0,1.310,1.305,1.317,1.295,1.315,1.320,1.312,1.285,1.332,1.031,0.843,4913.0,4987.8,4888.0,4888.0,4888.0,4987.8,4888.0,4888.0,4888.0,99.8,3990.2,99.8,177.8,279.4,333.4,340.1,73.7,346.0,51.5,368.5,92.6,28.5,36.9,192.2,127.3,61.2,67.3,292.3,153.2,177.8,4.2,6.7,7.4,6.6,1.4,8.5,1.0,8.9,2.6,0.0,2.2,3.9,3.3,0.4,2.1,6.7,5.1,8.9,4.2,100.0,7.2,11.5,13.0,13.8,3.0,13.7,2.2,14.4,3.8,1.1,1.5,7.6,5.3,2.5,2.8,11.7,7.0,7.2,49.2,50.0,49.0,49.0,49.0,50.0,49.0,49.0,49.0,40.0,63,66,63,62,64,63,64,62,61,37,34,37,38,36,37,36,38,39,66,66,No,No,No,No,No,No,No,No,No,No,No,No,No,No,No,No,No,No,No,No,No,No,No,No,No,No,No,No,No,No,67,67,62,13.535,16.907,11.182,0.405,1.969,1.213,0.587,85.0,65.0,125.0,98.0,0,34.5,0.0,3.9,6.3,6.9,7.7,1.7,7.3,1.3,7.7,2.1,0.6,0.9,4.2,2.8,1.4,1.6,6.3,4.0,83.8,80.0,66.7,79.7,89.1,97.5,84.0,95.8,77.7,1330.1,13.33,19,19,19,43,62,467,2,1,Yes,No,Yes,No,No,No,No,No,No,No,Yes,No,No,No,No,No,No,No,No,No,No,No,No,No,No,No,No,No,No,No,No,No,No,No,No,No,No,72.0,60,60,67,97.0,100.0,No,No,16291,13114,0.0,0.0,0.0,0.000,0.024,5320,7289,70.6,80.5,87.0,0.681,19.082,19.033,19.130,39.360,17.485,29.666,3.559,33.267,12.000,29.666,9.682,4.429,17.606,40.000,40.000,1162.0,1375.2,1020.0,1145.6,1102.0,975.0,1162.5,1373.6,1102.2,100.0,37.0,0.0,1.0,76.5,20.0,100.0,0.0,0.0,0.0,0.0,Yes,Yes,No,No,No,No,No,0,0,0,0,0,0,0,0,0,10,0,0,0,0,0,0,0,0,0,0,0,0,0,0,0,0,0,0,0,0,963,3133,3005,119,16.0,62,0.672,0.405,550.0,1596.0,0.7,0.3,0.0,0.2,0.8,0.0,0.0,0.0,0.0,3.1,502,15713,503,No,No,No,No,No,No,No,No,15.964,30.278,42.5,65.899,24.5,30.9,18.5,18.8,17.9,17.9,17.9,17.9,18.5,18.8,18.1,18.0,18.0,18.0,53.90,55.41,53.18,53.17,55.53,55.53,53.92,0.00,4.66,49.24,0.68,1331,23,2.9,0.3,0,0,0.0,0.0,0,
13.9.2026,21:47:41.397,10878,26672,28.9,9979,22452,30.7,0.0,5120,0,1.303,1.315,1.325,1.297,1.317,1.275,1.312,1.287,1.292,1.031,0.843,4888.0,4987.8,4888.0,4888.0,4888.0,4888.0,4888.0,4888.0,4788.3,99.8,3990.2,99.8,180.1,322.2,293.8,265.8,98.1,343.3,52.6,262.2,121.2,49.3,37.6,211.2,129.8,56.4,62.2,357.4,219.0,180.1,3.8,6.5,7.0,6.9,2.6,6.9,2.3,5.1,1.5,0.0,0.0,4.2,2.3,1.6,1.0,7.2,5.0,7.2,3.8,100.0,7.3,13.1,11.2,10.7,4.0,13.6,2.2,10.3,4.9,1.9,1.5,8.4,5.3,2.3,2.6,14.2,9.8,7.3,49.0,50.0,49.0,49.0,49.0,49.0,49.0,49.0,48.0,40.0,67,79,71,65,66,63,65,64,65,33,21,29,35,34,37,35,36,35,79,79,No,No,No,No,No,No,No,No,No,No,No,No,No,No,No,No,No,No,No,No,No,No,No,No,No,No,No,No,No,No,69,69,62,11.074,16.744,10.954,0.481,1.971,1.207,0.583,85.0,65.0,125.0,98.0,0,37.1,0.0,4.0,7.1,6.1,5.9,2.3,7.3,1.3,5.6,2.7,1.1,0.9,4.6,2.9,1.3,1.5,7.6,5.6,84.8,83.3,80.0,81.7,90.4,97.1,84.7,96.2,65.0,1596.1,16.00,22,22,22,52,62,560,1,2,Yes,No,Yes,No,No,No,No,No,No,No,Yes,No,No,No,No,No,No,No,No,No,No,No,No,No,No,No,No,No,No,No,No,No,No,No,No,No,No,72.0,60,60,67,97.0,100.0,No,No,16291,13114,0.0,0.1,0.1,0.000,0.044,5320,7289,70.9,80.3,87.0,0.675,19.077,19.028,19.126,39.522,17.716,30.034,3.520,33.585,12.000,30.034,9.644,7.541,15.372,40.000,40.000,1102.0,1375.2,982.0,1143.7,1057.0,937.0,1104.0,1373.9,1056.9,100.0,38.0,0.0,1.0,76.5,19.9,99.7,0.0,0.0,0.0,0.0,Yes,Yes,No,No,No,No,No,0,0,0,0,0,0,0,0,0,10,0,0,0,0,0,0,0,0,0,0,0,0,0,0,0,0,0,0,0,0,963,3133,3005,119,16.0,62,0.672,0.481,550.0,1596.0,0.6,0.3,0.0,0.2,0.8,0.0,0.0,0.0,0.0,3.1,502,15713,503,No,No,No,No,No,No,No,No,15.966,30.278,42.5,65.892,24.5,30.9,18.8,19.2,18.6,18.5,18.5,18.5,18.9,19.2,18.6,18.6,18.6,18.6,53.00,53.97,51.97,51.96,54.03,54.03,52.83,0.00,4.63,48.36,0.83,1331,23,0.2,0.3,0,0,0.0,0.0,0,
13.9.2026,21:47:43.387,10881,26670,28.9,9979,22452,30.7,0.0,5120,0,1.306,1.272,1.317,1.295,1.315,1.320,1.312,1.285,1.332,1.031,0.703,4900.5,4888.0,4888.0,4888.0,4888.0,4987.8,4888.0,4888.0,4888.0,99.8,3990.2,99.8,178.6,393.9,279.2,261.5,99.1,239.9,147.2,135.3,265.0,39.9,43.8,82.4,244.2,55.3,74.1,342.3,154.1,178.6,4.1,8.8,4.9,4.7,2.7,5.5,2.1,3.3,6.8,2.8,0.7,3.1,4.9,0.9,2.1,7.6,4.4,8.8,4.1,100.0,7.2,15.9,11.2,10.6,4.1,9.6,5.8,5.4,10.4,1.6,1.8,3.4,9.9,2.3,3.0,13.7,7.4,7.2,49.1,49.0,49.0,49.0,49.0,50.0,49.0,49.0,49.0,40.0,63,64,63,61,64,62,65,62,61,37,36,37,39,36,38,35,38,39,66,65,Yes,Yes,No,No,No,No,No,No,No,No,No,No,No,No,No,No,No,No,No,No,No,No,No,No,No,No,No,Yes,No,No,77,77,62,10.664,16.667,10.809,0.491,1.970,1.250,0.584,85.0,65.0,125.0,98.0,0,44.8,0.0,3.9,8.6,5.8,5.8,2.3,5.2,3.2,2.9,5.7,0.9,1.0,1.9,5.3,1.3,1.7,7.3,4.2,85.7,81.6,80.4,81.4,89.8,97.2,83.8,95.9,75.5,1330.1,13.33,19,19,19,43,62,467,2,1,Yes,No,Yes,No,No,No,No,No,No,No,Yes,No,No,No,No,No,No,No,No,No,No,No,No,No,No,No,No,No,No,No,No,No,No,No,No,No,No,73.0,60,60,67,97.0,100.0,No,No,16291,13114,0.0,0.1,0.1,0.000,0.049,5320,7289,70.8,80.7,87.0,0.688,19.112,19.063,19.161,39.653,17.865,30.455,3.508,33.973,12.000,30.455,9.624,4.232,18.676,40.000,40.000,1162.0,1375.2,1020.0,1137.0,1102.0,975.0,1162.1,1374.0,1102.9,100.0,37.0,0.0,1.0,76.5,19.6,98.2,0.0,0.0,0.0,0.0,Yes,Yes,No,No,No,No,No,0,0,0,0,0,0,0,0,0,10,0,0,0,0,0,0,0,0,0,0,0,0,0,0,0,0,0,0,0,0,963,3133,3005,119,16.0,62,0.672,0.491,550.0,1596.0,0.6,0.2,0.0,0.2,0.8,0.0,0.0,0.0,0.0,3.1,502,15713,503,No,No,No,No,No,No,No,No,15.967,30.278,42.5,65.864,24.5,30.9,19.0,19.3,18.6,18.6,18.6,18.6,19.0,19.4,18.6,18.6,18.6,18.6,52.60,53.75,51.58,51.55,53.79,53.79,52.47,0.00,4.64,47.96,0.72,1331,23,3.5,0.3,0,0,0.0,0.0,0,
13.9.2026,21:47:45.418,10889,26661,28.9,9979,22452,30.7,0.0,5120,0,1.289,1.137,1.317,1.295,1.315,1.320,1.312,1.285,1.332,1.031,0.843,4850.6,4489.0,4888.0,4888.0,4888.0,4987.8,4888.0,4888.0,4888.0,99.8,3990.2,99.8,183.7,277.4,301.3,267.4,90.4,241.9,222.3,256.1,235.6,68.5,61.9,76.0,258.3,83.5,93.2,294.7,111.2,183.7,3.3,5.6,6.5,4.7,0.9,4.0,5.1,5.3,4.1,0.0,1.0,1.3,5.8,1.4,0.0,6.0,0.7,6.5,3.3,100.0,7.4,11.3,11.7,10.9,3.7,9.7,8.7,10.5,9.6,2.7,2.5,3.2,10.4,3.4,3.8,11.8,4.8,7.4,48.6,45.0,49.0,49.0,49.0,50.0,49.0,49.0,49.0,40.0,63,66,63,61,65,63,66,62,61,37,34,37,39,35,37,34,38,39,66,66,No,No,No,No,No,No,No,No,No,No,No,No,No,No,No,No,No,No,No,No,No,No,No,No,No,No,No,No,No,No,68,68,63,18.867,16.590,10.674,0.552,1.970,1.253,0.585,85.0,65.0,125.0,98.0,0,33.2,0.0,4.1,6.1,6.2,5.9,2.1,5.3,4.8,5.9,5.3,1.5,1.4,1.8,5.6,1.9,2.2,6.5,2.7,82.8,83.9,79.4,79.7,66.1,96.3,85.0,94.3,77.3,1064.1,10.67,15,15,15,35,62,374,1,2,Yes,No,Yes,No,No,No,No,Yes,No,No,Yes,No,No,No,No,No,No,No,No,No,No,No,No,No,No,No,No,No,No,No,No,No,No,No,No,No,No,73.0,60,60,67,97.0,100.0,No,No,16291,13114,0.0,0.1,0.1,0.000,0.024,5320,7289,70.7,80.5,87.0,0.688,19.116,19.067,19.164,39.717,17.002,28.982,3.566,32.560,12.000,28.982,9.673,4.660,15.596,40.000,40.000,1125.0,1375.2,982.0,1126.8,1057.0,937.0,1113.2,1374.5,1051.8,100.0,38.0,0.0,1.0,76.7,19.8,99.1,0.0,0.0,0.0,0.0,Yes,Yes,No,No,No,No,No,0,0,0,0,0,0,0,0,0,10,0,0,0,0,0,0,0,0,0,0,0,0,0,0,0,0,0,0,0,0,955,3141,3014,119,16.0,63,0.675,0.552,550.0,1330.0,0.7,0.3,0.0,0.2,0.8,0.0,0.0,0.0,0.0,3.1,502,15713,503,No,No,No,No,No,No,No,No,15.969,30.278,42.5,65.952,24.5,30.9,18.3,18.8,17.7,17.7,17.7,17.7,18.5,18.8,17.8,17.8,17.8,17.8,54.44,56.77,53.15,53.13,56.82,56.82,54.04,0.00,4.67,49.77,0.68,1331,23,6.0,9.9,0,0,0.0,0.0,0,
13.9.2026,21:47:47.418,10885,26666,28.9,9978,22453,30.7,0.0,5120,0,1.291,1.137,1.317,1.300,1.315,1.320,1.317,1.285,1.335,1.031,0.703,4850.6,4489.0,4888.0,4888.0,4888.0,4987.8,4888.0,4888.0,4888.0,99.8,3990.2,99.8,187.6,253.9,426.0,306.6,70.8,227.6,209.1,165.7,217.8,59.5,46.5,96.7,229.7,62.5,89.5,343.3,196.4,187.6,5.9,5.4,9.4,8.7,2.3,5.5,5.1,3.4,5.3,19.9,2.5,2.1,4.8,2.8,4.2,7.3,6.1,19.9,5.9,100.0,7.6,10.5,16.6,12.3,3.0,9.1,8.2,6.6,8.6,2.4,1.9,4.0,9.3,2.6,3.7,13.8,8.8,7.6,48.6,45.0,49.0,49.0,49.0,50.0,49.0,49.0,49.0,40.0,65,66,64,67,64,63,72,62,65,35,34,36,33,36,37,28,38,35,74,72,Yes,Yes,No,No,No,No,No,No,No,No,No,No,No,No,No,No,No,No,No,No,No,No,No,No,No,No,No,Yes,No,No,69,69,62,3.281,16.897,11.198,0.402,1.969,1.202,0.581,85.0,65.0,125.0,98.0,0,41.2,0.0,4.2,5.7,8.8,6.8,1.7,5.0,4.5,3.6,4.8,1.2,1.1,2.3,5.0,1.5,2.1,7.5,4.9,84.1,81.5,79.7,79.6,87.5,96.6,85.2,93.2,69.2,1330.1,13.33,19,19,19,43,62,467,2,1,Yes,No,Yes,No,No,No,No,No,No,No,Yes,No,No,No,No,No,No,No,No,No,No,No,No,No,No,No,No,No,No,No,No,No,No,No,No,No,No,73.0,60,60,67,97.0,100.0,No,No,16291,13114,0.0,0.0,0.0,0.000,0.004,5320,7289,71.2,80.9,87.0,0.681,19.082,19.033,19.130,39.778,17.797,29.473,3.521,33.000,12.000,29.473,9.642,5.349,19.918,40.000,40.000,1132.0,1375.2,1005.0,1128.9,1087.0,967.0,1132.6,1373.4,1088.0,100.0,32.0,0.0,1.0,76.5,20.0,100.0,0.0,0.0,0.0,0.0,Yes,Yes,No,No,No,No,No,0,0,0,0,0,0,0,0,0,10,0,0,0,0,0,0,0,0,0,0,0,0,0,0,0,0,0,0,0,0,964,3132,3005,119,16.0,62,0.672,0.402,550.0,1596.0,0.6,0.2,0.0,0.2,0.8,0.0,0.0,0.0,0.0,3.1,502,15713,503,No,No,No,No,No,No,No,No,15.969,30.278,42.5,65.968,24.5,30.9,19.2,19.7,18.9,18.9,18.9,18.9,19.1,19.6,18.5,18.5,18.5,18.5,52.26,54.09,51.01,50.94,54.21,54.21,52.38,0.00,4.82,47.45,0.78,1331,23,3.9,0.3,0,0,0.0,0.0,0,
13.9.2026,21:47:49.423,10885,26665,28.9,9978,22453,30.7,0.0,5120,0,1.296,1.172,1.320,1.300,1.315,1.322,1.312,1.287,1.335,1.031,0.843,4863.1,4588.8,4888.0,4888.0,4888.0,4987.8,4888.0,4888.0,4888.0,99.8,3990.2,99.8,193.4,601.8,316.8,203.6,125.5,295.6,188.7,170.6,158.3,65.5,45.6,74.9,130.1,74.1,97.6,374.0,171.8,193.4,4.2,13.2,5.5,5.0,3.3,6.7,4.5,4.1,3.2,0.0,0.8,1.5,2.6,1.4,1.9,8.3,4.7,13.2,4.2,100.0,7.8,24.0,12.3,8.4,5.1,11.8,7.4,6.8,6.3,2.6,1.8,3.1,5.4,3.0,4.0,14.9,8.1,7.8,48.8,46.0,49.0,49.0,49.0,50.0,49.0,49.0,49.0,40.0,66,72,65,67,65,64,65,64,62,34,28,35,33,35,36,35,36,38,72,72,Yes,Yes,No,No,No,No,No,No,No,No,No,No,No,No,No,No,No,No,No,No,No,No,No,No,No,No,No,Yes,No,No,69,69,62,22.559,16.885,11.053,0.485,1.972,1.231,0.589,85.0,65.0,125.0,98.0,0,42.8,0.0,4.3,12.9,6.5,4.7,2.9,6.3,4.1,3.6,3.5,1.4,1.1,1.8,2.9,1.7,2.3,7.9,4.5,84.9,77.8,80.4,78.8,89.5,96.6,86.2,94.8,75.4,1330.1,13.33,19,19,19,43,62,467,2,1,Yes,No,Yes,No,No,No,No,No,No,No,Yes,No,No,No,No,No,No,No,No,No,No,No,No,No,No,No,No,No,No,No,No,No,No,No,No,No,No,73.0,60,60,67,97.0,100.0,No,No,16291,13114,0.0,0.1,0.1,0.000,0.077,5320,7289,71.0,80.8,87.0,0.675,19.074,19.026,19.122,39.581,18.164,29.521,3.729,33.272,12.000,29.521,9.845,8.076,19.346,40.000,40.000,1110.0,1375.2,982.0,1117.8,1057.0,937.0,1108.7,1373.9,1056.8,100.0,32.0,0.0,1.0,76.5,20.0,99.9,0.0,0.0,0.0,0.0,Yes,Yes,No,No,No,No,No,0,0,0,0,0,0,0,0,0,10,0,0,0,0,0,0,0,0,0,0,0,0,0,0,0,0,0,0,0,0,961,3135,3007,119,16.0,62,0.675,0.485,550.0,1330.0,0.6,0.3,0.0,0.2,0.8,0.0,0.0,0.0,0.0,3.1,502,15713,503,No,No,No,No,No,No,No,No,15.975,30.772,43.2,65.945,24.5,30.9,18.6,18.9,18.2,18.1,18.1,18.1,18.2,19.5,14.8,14.5,14.5,14.5,53.63,55.13,52.97,52.97,55.25,55.25,54.79,0.00,5.39,48.24,2.02,1331,23,0.1,0.2,0,0,0.0,0.0,0,
13.9.2026,21:47:51.433,10870,26680,28.9,9976,22454,30.7,0.0,5120,0,1.306,1.282,1.320,1.302,1.317,1.295,1.312,1.287,1.332,1.031,0.703,4888.0,4888.0,4888.0,4888.0,4888.0,4888.0,4888.0,4888.0,4888.0,99.8,3990.2,99.8,203.2,710.7,188.8,232.8,113.2,349.6,62.5,124.1,142.0,202.0,87.8,69.9,167.9,98.2,99.1,398.8,203.7,203.2,5.0,14.8,4.3,4.8,2.3,7.0,1.2,1.6,3.6,14.5,2.4,2.1,4.1,2.6,2.7,8.1,4.6,14.8,5.0,100.0,8.2,28.2,7.4,9.5,4.7,13.8,2.6,5.0,5.7,7.8,3.5,2.9,6.9,4.0,4.0,15.8,9.3,8.2,49.0,49.0,49.0,49.0,49.0,49.0,49.0,49.0,49.0,40.0,71,79,66,72,66,90,65,66,62,29,21,34,28,34,10,35,34,38,89,90,Yes,Yes,No,No,No,Yes,No,No,No,No,No,No,No,No,No,No,No,No,No,No,No,No,No,No,No,No,No,Yes,No,No,72,72,63,15.586,17.270,11.302,0.552,1.970,1.282,0.600,85.0,65.0,125.0,98.0,0,42.7,0.0,4.5,15.2,3.9,5.2,2.6,7.4,1.5,2.7,3.2,4.2,2.0,1.7,3.7,2.2,2.3,8.5,5.2,85.1,77.8,80.0,81.0,92.1,93.0,87.9,93.0,76.2,1330.1,13.33,19,19,19,43,62,467,2,1,Yes,No,Yes,No,No,No,No,No,No,No,Yes,No,No,No,No,No,No,No,No,No,No,No,No,No,No,No,No,No,No,No,No,No,No,No,No,No,No,73.0,60,60,67,97.0,100.0,No,No,16291,13114,0.0,0.1,0.1,0.000,0.008,5320,7289,70.8,80.4,87.0,0.681,19.102,19.054,19.151,39.457,18.196,29.531,3.658,33.207,12.000,29.531,9.767,8.722,19.154,40.000,40.000,1155.0,1375.2,1020.0,1137.4,1102.0,975.0,1154.3,1374.0,1102.7,100.0,33.0,0.0,1.0,76.5,19.9,99.6,0.0,0.0,0.0,0.0,Yes,Yes,No,No,No,No,No,0,0,0,0,0,0,0,0,0,10,0,0,0,0,0,0,0,0,0,0,0,0,0,0,0,0,0,0,0,0,961,3135,3007,119,16.0,62,0.675,0.552,550.0,1596.0,0.6,0.3,0.0,0.1,0.7,0.0,0.0,0.0,0.0,3.1,502,15713,503,No,No,No,No,No,No,No,No,15.975,30.772,43.2,65.993,24.5,30.9,18.2,18.7,17.8,17.8,17.8,17.8,18.0,18.6,17.4,17.4,17.4,17.4,55.01,56.72,53.57,53.57,56.74,56.74,55.61,0.00,6.06,48.96,0.89,1331,23,2.8,0.2,0,0,0.0,0.0,0,
13.9.2026,21:47:53.450,10881,26670,28.9,9976,22455,30.7,0.0,5120,0,1.291,1.140,1.317,1.302,1.312,1.320,1.312,1.287,1.335,1.031,0.703,4850.6,4489.0,4888.0,4888.0,4888.0,4987.8,4888.0,4888.0,4888.0,99.8,3990.2,99.8,210.8,913.1,218.6,216.1,81.5,390.7,101.3,155.2,103.0,205.4,91.9,91.8,120.6,86.4,71.9,372.9,152.1,210.8,4.9,19.6,4.9,5.2,2.2,8.5,1.9,4.4,2.7,4.6,1.6,2.4,3.0,2.3,2.0,8.3,4.1,19.6,4.9,100.0,8.5,36.1,8.5,8.9,3.4,15.5,4.1,6.2,4.2,8.0,3.6,3.8,5.0,3.5,2.9,14.8,7.1,8.5,48.6,45.0,49.0,49.0,49.0,50.0,49.0,49.0,49.0,40.0,66,81,62,70,62,63,64,64,62,34,19,38,30,38,37,36,36,38,81,81,Yes,Yes,No,No,No,No,No,No,No,No,No,No,No,No,No,No,No,No,No,No,No,No,No,No,No,No,No,Yes,No,No,79,79,63,20.508,17.717,11.691,0.583,1.970,1.296,0.610,85.0,65.0,125.0,98.0,0,41.6,0.0,4.6,19.5,4.6,5.0,2.0,8.3,2.3,3.3,2.4,4.2,2.1,2.1,2.8,2.0,1.7,8.0,4.0,83.9,71.6,80.4,78.8,92.7,93.0,87.6,91.2,76.2,1330.1,13.33,19,19,19,43,62,467,2,1,Yes,No,Yes,No,No,No,No,Yes,No,No,Yes,No,No,No,No,No,No,No,No,No,No,No,No,No,No,No,No,No,No,No,No,No,No,No,No,No,No,74.0,60,60,67,97.0,100.0,No,No,16291,13114,0.0,0.0,0.0,0.000,0.005,5320,7289,70.9,80.3,87.0,0.688,19.101,19.053,19.150,39.421,17.698,28.693,3.658,32.363,12.000,28.693,9.772,2.620,23.787,40.000,40.000,1162.0,1375.2,1020.0,1139.2,1102.0,975.0,1162.1,1374.2,1101.5,100.0,34.0,0.0,1.0,76.5,20.0,99.8,0.0,0.0,0.0,0.0,Yes,Yes,No,No,No,No,No,0,0,0,0,0,0,0,0,0,10,0,0,0,0,0,0,0,0,0,0,0,0,0,0,0,0,0,0,0,0,961,3135,3007,119,16.0,63,0.675,0.583,550.0,1596.0,0.6,0.3,0.0,0.2,0.8,0.0,0.0,0.0,0.0,3.1,502,15713,503,No,No,No,No,No,No,No,No,15.979,30.772,43.2,65.833,24.5,30.9,17.9,19.2,16.9,16.8,16.7,16.7,18.0,18.2,17.8,17.8,17.8,17.8,55.63,59.11,52.55,52.28,59.50,59.50,55.53,0.00,6.81,48.82,0.94,1331,23,6.0,0.2,0,0,0.0,0.0,0,
13.9.2026,21:47:55.450,10879,26672,28.9,9975,22455,30.7,0.0,5120,0,1.309,1.285,1.317,1.300,1.315,1.320,1.315,1.287,1.335,1.031,0.703,4900.5,4888.0,4888.0,4888.0,4888.0,4987.8,4888.0,4888.0,4888.0,99.8,3990.2,99.8,201.7,761.2,101.6,210.0,87.3,415.3,81.7,128.1,203.4,256.1,107.6,120.2,164.1,87.9,90.9,323.4,88.1,201.7,4.0,16.3,1.5,4.1,2.1,8.8,2.0,2.1,3.9,3.8,2.4,2.4,3.1,1.3,1.4,7.1,1.3,16.3,4.0,100.0,8.1,30.1,4.0,8.7,3.6,16.4,3.3,5.2,8.2,10.0,4.2,5.3,6.8,3.6,3.7,12.9,3.6,8.1,49.1,49.0,49.0,49.0,49.0,50.0,49.0,49.0,49.0,40.0,67,81,63,70,65,63,68,64,64,33,19,37,30,35,37,32,36,36,81,81,No,No,No,No,No,No,No,No,No,No,No,No,No,No,No,No,No,No,No,No,No,No,No,No,No,No,No,No,No,No,72,72,62,20.098,18.268,12.309,0.544,1.970,1.274,0.616,85.0,65.0,125.0,98.0,0,26.1,0.0,4.5,16.3,2.1,4.8,2.1,8.8,2.0,2.8,4.6,5.2,2.4,3.1,3.8,2.0,2.1,7.1,2.0,80.2,78.1,77.4,77.9,84.4,91.8,56.8,91.1,84.0,1330.1,13.33,19,19,19,43,62,467,2,1,Yes,No,Yes,No,No,No,No,No,No,No,Yes,No,No,No,No,No,No,No,No,No,No,No,No,No,No,No,No,No,No,No,No,No,No,No,No,No,No,74.0,60,60,67,97.0,100.0,No,No,16291,13114,0.0,0.0,0.0,0.000,0.022,5320,7289,71.4,81.2,87.0,0.675,19.059,19.012,19.105,39.636,18.805,29.124,3.612,32.747,12.000,29.124,9.722,6.853,27.259,40.000,40.000,1125.0,1375.2,982.0,1167.4,1057.0,937.0,1123.4,1374.0,1055.9,100.0,37.0,0.0,1.0,76.5,20.0,99.9,0.0,0.0,0.0,0.0,Yes,Yes,No,No,No,No,No,0,0,0,0,0,0,0,0,0,10,0,0,0,0,0,0,0,0,0,0,0,0,0,0,0,0,0,0,0,0,961,3135,3007,119,16.0,64,0.675,0.544,550.0,1330.0,0.7,0.3,0.0,0.2,0.9,0.0,0.0,0.0,0.0,3.1,502,15713,503,No,No,No,No,No,No,No,No,15.976,30.772,43.2,65.981,24.5,30.9,18.4,18.7,18.2,18.2,18.2,18.2,18.4,18.9,18.1,18.1,18.1,18.1,54.36,55.19,53.01,52.94,55.22,55.22,54.30,0.00,6.67,47.69,0.50,1331,23,2.0,0.2,0,0,0.0,0.0,0,
13.9.2026,21:47:57.456,10871,26680,28.9,9975,22455,30.7,0.0,5120,0,1.292,1.140,1.317,1.302,1.315,1.322,1.312,1.287,1.335,1.031,0.843,4850.6,4489.0,4888.0,4888.0,4888.0,4987.8,4888.0,4888.0,4888.0,99.8,3990.2,99.8,207.4,803.1,112.8,312.3,139.2,395.7,99.2,177.0,181.0,157.2,116.7,67.1,115.9,140.6,78.1,364.5,57.9,207.4,5.0,17.0,3.9,6.8,3.1,8.4,2.3,3.8,5.3,4.0,3.3,2.4,3.4,3.8,1.8,7.9,2.1,17.0,5.0,100.0,8.3,31.7,4.4,12.6,5.6,15.7,4.0,7.0,8.2,6.1,4.6,2.8,4.8,5.6,3.2,14.5,2.4,8.3,48.6,45.0,49.0,49.0,49.0,50.0,49.0,49.0,49.0,40.0,66,77,63,70,65,64,65,64,64,34,23,37,30,35,36,35,36,36,77,77,No,No,No,No,No,No,No,No,No,No,No,No,No,No,No,No,No,No,No,No,No,No,No,No,No,No,No,No,No,No,71,71,63,6.152,17.984,12.344,0.320,1.970,1.202,0.615,85.0,65.0,125.0,98.0,0,31.5,0.0,4.6,17.1,2.4,6.9,3.2,8.4,2.3,3.8,4.8,3.3,2.6,1.6,2.7,3.1,1.9,7.9,1.4,82.2,76.7,79.6,78.5,65.5,93.3,90.5,89.5,83.8,1330.1,13.33,19,19,19,43,62,467,2,1,Yes,No,Yes,No,No,No,No,No,No,No,Yes,No,No,No,No,No,No,No,No,No,No,No,No,No,No,No,No,No,No,No,No,No,No,No,No,No,No,74.0,60,60,67,97.0,100.0,No,No,16291,13114,0.0,0.1,0.1,0.000,0.040,5320,7289,71.0,80.4,87.0,0.681,19.067,19.020,19.113,39.580,18.172,28.612,3.671,32.302,12.000,28.612,9.781,5.170,25.231,40.000,40.000,1147.0,1375.2,1005.0,1165.2,1087.0,967.0,1147.7,1374.1,1087.8,100.0,37.0,0.0,1.0,76.5,20.0,100.0,0.0,0.0,0.0,0.0,Yes,Yes,No,No,No,No,No,0,0,0,0,0,0,0,0,0,10,0,0,0,0,0,0,0,0,0,0,0,0,0,0,0,0,0,0,0,0,961,3135,3007,119,16.0,62,0.675,0.320,550.0,1330.0,0.6,0.2,0.0,0.2,0.8,0.0,0.0,0.0,0.0,3.1,502,15713,503,No,No,No,No,No,No,No,No,15.983,30.772,43.2,65.962,24.5,30.9,18.5,18.9,18.1,18.1,18.1,18.1,18.6,18.9,18.4,18.4,18.4,18.4,53.78,54.74,52.83,52.82,54.80,54.80,53.77,0.00,6.60,47.18,0.75,1331,23,2.9,0.2,0,0,0.0,0.0,0,
13.9.2026,21:47:59.464,10871,26679,28.9,9975,22456,30.7,0.0,5120,0,1.307,1.275,1.317,1.297,1.312,1.320,1.310,1.285,1.335,1.031,0.843,4900.5,4888.0,4888.0,4888.0,4888.0,4987.8,4888.0,4888.0,4888.0,99.8,3990.2,99.8,202.3,808.0,87.6,291.5,78.8,381.2,70.0,177.6,120.9,225.9,96.9,67.4,145.4,91.0,91.0,359.6,143.5,202.3,3.5,16.7,0.0,6.7,0.6,7.6,2.0,3.3,1.5,1.1,0.1,1.1,2.7,0.8,1.6,7.2,3.2,16.7,3.5,100.0,8.1,32.0,3.4,11.8,3.3,15.1,2.9,7.0,4.9,8.8,3.8,2.8,5.9,3.7,3.7,14.3,6.9,8.1,49.1,49.0,49.0,49.0,49.0,50.0,49.0,49.0,49.0,40.0,64,67,63,64,63,63,63,63,66,36,33,37,36,37,37,37,37,34,67,67,Yes,Yes,No,No,No,No,No,No,No,No,No,No,No,No,No,No,No,No,No,No,No,No,No,No,No,No,No,Yes,No,No,68,68,63,18.047,18.036,12.218,0.452,1.970,1.227,0.614,85.0,65.0,125.0,98.0,0,36.3,0.0,4.5,17.2,1.8,6.5,1.9,8.1,1.7,3.8,2.8,4.6,2.2,1.6,3.3,2.1,2.1,7.7,3.9,82.6,76.9,77.1,78.7,85.3,92.5,91.1,89.6,69.9,1330.1,13.33,19,19,19,43,62,467,2,1,Yes,No,Yes,No,No,No,No,No,No,No,Yes,No,No,No,No,No,No,No,No,No,No,No,No,No,No,No,No,No,No,No,No,No,No,No,No,No,No,75.0,60,60,67,97.0,100.0,No,No,16291,13114,0.0,0.1,0.1,0.081,0.256,5321,7290,71.5,81.2,87.0,0.675,19.057,19.009,19.104,39.541,18.752,29.531,3.707,33.242,12.000,29.531,9.815,7.002,25.187,40.000,40.000,1155.0,1375.2,1020.0,1159.9,1102.0,975.0,1153.6,1373.9,1098.6,100.0,37.0,0.0,1.0,76.5,20.0,100.0,0.0,0.0,0.0,0.0,Yes,Yes,No,No,No,No,No,0,0,0,0,0,0,0,0,0,10,0,0,0,0,0,0,0,0,0,0,0,0,0,0,0,0,0,0,0,0,961,3135,3007,119,16.0,62,0.672,0.452,550.0,1596.0,0.6,0.2,0.0,0.1,0.7,0.0,0.0,0.0,0.0,3.1,502,15713,503,No,No,No,No,No,No,No,No,15.986,30.772,43.2,65.958,24.5,30.9,18.7,19.1,18.1,18.1,18.1,18.1,18.7,19.1,18.2,18.2,18.2,18.2,53.42,54.87,52.19,52.16,54.90,54.90,53.48,0.00,6.51,46.91,0.90,1331,23,6.5,0.2,0,0,0.0,0.0,0,
13.9.2026,21:48:1.474,10872,26679,28.9,9975,22456,30.7,0.0,5120,0,1.285,1.137,1.317,1.297,1.315,1.277,1.312,1.287,1.332,1.031,0.843,4838.2,4489.0,4888.0,4888.0,4888.0,4888.0,4888.0,4888.0,4888.0,99.8,3990.2,99.8,215.5,770.9,301.2,206.1,110.3,395.9,102.9,129.7,204.8,120.3,151.6,75.4,127.0,107.6,125.4,382.8,136.9,215.5,5.0,16.5,9.9,4.1,2.7,7.8,1.0,3.7,5.7,5.5,3.5,1.9,2.9,2.5,2.2,8.3,1.9,16.5,5.0,100.0,8.7,30.5,11.7,8.5,4.5,15.6,4.1,5.2,8.5,4.7,5.9,3.1,5.3,4.3,5.0,15.2,6.1,8.7,48.5,45.0,49.0,49.0,49.0,49.0,49.0,49.0,49.0,40.0,64,68,63,65,65,64,65,64,61,36,32,37,35,35,36,35,36,39,68,68,Yes,Yes,No,No,No,No,No,No,No,No,No,No,No,No,No,No,No,No,No,No,No,No,No,No,No,No,No,Yes,No,No,71,71,63,10.664,17.949,12.064,0.473,1.970,1.259,0.620,85.0,65.0,125.0,98.0,0,33.6,0.0,4.7,16.5,6.2,4.8,2.6,8.4,2.4,2.8,4.9,2.5,3.4,1.8,2.9,2.4,2.8,8.2,3.4,81.5,73.4,79.1,79.8,70.6,93.2,88.3,90.6,77.2,1064.1,10.67,15,15,15,35,62,374,1,2,Yes,No,Yes,No,No,No,No,No,No,No,Yes,No,No,No,No,No,No,No,No,No,No,No,No,No,No,No,No,No,No,No,No,No,No,No,No,No,No,75.0,60,60,67,97.0,100.0,No,No,16291,13114,0.0,0.1,0.1,0.008,0.087,5321,7290,71.1,80.8,87.0,0.694,19.076,19.027,19.124,39.781,18.039,30.256,3.596,33.849,12.000,30.256,9.717,4.448,20.193,40.000,40.000,1147.0,1375.2,1005.0,1159.7,1087.0,967.0,1147.5,1374.0,1087.5,100.0,38.0,0.0,1.0,76.5,19.8,98.9,0.0,0.0,0.0,0.0,Yes,Yes,No,No,No,No,No,0,0,0,0,0,0,0,0,0,10,0,0,0,0,0,0,0,0,0,0,0,0,0,0,0,0,0,0,0,0,961,3135,3007,119,16.0,63,0.675,0.473,550.0,1064.0,0.7,0.3,0.0,0.2,0.9,0.0,0.0,0.0,0.0,3.1,502,15713,503,No,No,No,No,No,No,No,No,15.991,30.772,43.2,65.963,24.5,30.9,18.8,19.2,18.4,18.4,18.4,18.4,18.8,19.1,18.6,18.6,18.6,18.6,53.05,53.58,52.25,52.22,53.58,53.58,53.05,0.00,7.01,46.05,0.43,1331,23,5.2,0.3,0,0,0.0,0.0,0,
13.9.2026,21:48:3.463,10873,26678,28.9,9976,22455,30.7,0.0,5120,0,1.160,1.137,1.240,1.267,1.232,1.212,0.645,1.252,1.295,1.031,0.843,4214.7,4489.0,4688.5,4788.3,4688.5,4688.5,798.0,4788.3,4788.3,99.8,3990.2,99.8,225.0,773.8,225.2,249.9,125.3,431.2,106.3,207.4,235.2,210.0,168.4,93.5,124.9,143.0,101.7,330.1,73.8,225.0,5.5,16.4,6.1,6.2,3.6,9.7,3.8,4.5,5.6,5.0,5.1,1.3,2.7,3.9,3.7,7.2,3.1,16.4,5.5,100.0,9.0,30.6,8.8,10.2,5.2,17.1,4.3,8.4,10.1,8.2,6.6,3.9,5.2,5.7,4.1,13.2,3.1,9.0,42.2,45.0,47.0,48.0,47.0,47.0,8.0,48.0,48.0,40.0,70,70,69,77,67,70,69,68,66,30,30,31,23,33,30,31,32,34,77,77,Yes,Yes,No,No,No,No,No,No,No,No,No,No,No,No,No,No,No,No,No,No,No,No,No,No,No,No,No,Yes,No,No,74,74,63,10.254,18.559,12.653,0.458,1.970,1.286,0.627,85.0,65.0,125.0,98.0,0,25.0,0.0,5.0,16.5,4.7,5.6,3.0,9.2,2.4,4.6,5.8,4.3,3.7,2.2,2.9,3.3,2.4,7.3,1.8,79.2,76.4,76.5,76.5,52.5,91.3,89.0,89.6,82.1,1064.1,10.67,15,15,15,35,62,374,1,2,Yes,No,Yes,No,No,No,No,No,No,No,Yes,No,No,No,No,No,No,No,No,No,No,No,No,No,No,No,No,No,No,No,No,No,No,No,No,No,No,75.0,60,60,67,97.0,100.0,No,No,16291,13114,0.0,0.1,0.1,0.000,0.018,5321,7290,71.2,80.6,87.0,0.719,19.085,19.036,19.133,39.575,19.258,30.729,3.617,34.364,12.000,30.729,9.740,4.486,28.402,40.000,40.000,1207.0,1375.2,1087.0,1159.0,1170.0,1035.0,1207.4,1373.6,1170.0,100.0,38.0,0.0,1.0,76.5,20.0,100.0,0.0,0.0,0.0,0.0,Yes,Yes,No,No,No,No,No,0,0,0,0,0,0,0,0,0,10,0,0,0,0,0,0,0,0,0,0,0,0,0,0,0,0,0,0,0,0,961,3135,3007,119,16.0,63,0.672,0.458,550.0,1596.0,0.6,0.2,0.0,0.1,0.7,0.0,0.0,0.0,0.0,3.1,502,15713,503,No,No,No,No,No,No,No,No,15.992,30.772,43.2,65.807,24.5,30.9,19.0,19.5,18.5,18.5,18.5,18.5,19.0,19.4,18.5,18.4,18.4,18.4,52.59,53.73,51.43,51.40,53.80,53.80,52.62,0.00,6.87,45.72,0.85,1331,23,0.3,0.2,0,0,0.0,0.0,0,
13.9.2026,21:48:5.473,10871,26680,28.9,9975,22455,30.7,0.0,5120,0,1.283,1.137,1.317,1.295,1.315,1.275,1.310,1.285,1.332,1.031,0.843,4838.2,4489.0,4888.0,4888.0,4888.0,4888.0,4888.0,4888.0,4888.0,99.8,3990.2,99.8,201.1,825.6,127.7,277.1,116.2,375.6,86.8,92.0,114.5,251.5,101.9,108.2,136.5,131.4,102.3,316.4,53.9,201.1,3.9,17.6,2.7,5.5,3.0,8.0,0.6,1.3,2.7,1.5,0.8,3.7,3.1,2.3,0.9,7.0,1.4,17.6,3.9,100.0,8.1,32.5,5.0,11.3,4.9,14.8,3.5,3.7,4.7,9.8,4.0,4.9,5.6,5.3,4.1,12.6,2.2,8.1,48.5,45.0,49.0,49.0,49.0,49.0,49.0,49.0,49.0,40.0,64,68,64,63,65,63,63,62,61,36,32,36,37,35,37,37,38,39,68,68,Yes,No,No,No,No,Yes,No,No,No,No,No,No,No,No,No,No,No,No,No,No,No,No,No,No,No,No,No,Yes,No,No,74,74,64,18.047,19.039,13.255,0.358,1.971,1.236,0.625,85.0,65.0,125.0,98.0,0,20.9,0.0,4.5,17.6,2.7,6.2,2.9,8.0,2.1,2.0,2.7,5.2,2.3,3.0,3.1,3.0,2.4,7.0,1.3,79.7,77.0,56.6,78.3,88.8,91.8,67.4,89.7,87.8,1064.1,10.67,15,15,15,35,62,374,1,2,Yes,No,Yes,No,No,No,No,No,No,No,Yes,No,No,No,No,No,No,No,No,No,No,No,No,No,No,No,No,No,No,No,No,No,No,No,No,No,No,75.0,60,60,67,97.0,100.0,No,No,16291,13114,0.0,0.0,0.0,0.000,0.006,5321,7290,71.4,81.1,87.0,0.675,19.064,19.017,19.111,39.787,17.653,29.485,3.651,33.139,12.000,29.485,9.760,8.865,14.836,40.000,40.000,1102.0,1375.2,982.0,1172.1,1057.0,937.0,1100.9,1372.8,1056.2,100.0,36.0,0.0,1.0,76.5,20.0,100.0,0.0,0.0,0.0,0.0,Yes,Yes,No,No,No,No,No,0,0,0,0,0,0,0,0,0,10,0,0,0,0,0,0,0,0,0,0,0,0,0,0,0,0,0,0,0,0,961,3135,3007,119,16.0,63,0.675,0.358,550.0,1596.0,0.6,0.2,0.0,0.2,0.8,0.0,0.0,0.0,0.0,3.1,502,15713,503,No,No,No,No,No,No,No,No,15.993,30.772,43.2,65.971,24.5,30.9,19.2,19.8,18.6,18.5,18.5,18.5,19.1,19.4,18.7,18.7,18.7,18.7,52.36,53.49,51.32,51.31,53.54,53.54,52.30,0.00,6.78,45.58,0.99,1331,23,1.8,0.2,0,0,0.0,0.0,0,
13.9.2026,21:48:7.475,10871,26680,28.9,9974,22456,30.7,0.0,5120,0,1.296,1.175,1.320,1.300,1.315,1.320,1.312,1.287,1.335,1.031,0.843,4863.1,4588.8,4888.0,4888.0,4888.0,4987.8,4888.0,4888.0,4888.0,99.8,3990.2,99.8,211.5,836.5,74.4,401.9,219.4,390.5,83.5,178.1,120.4,231.4,150.0,79.7,93.5,87.2,93.1,291.2,52.7,211.5,5.0,17.7,1.5,9.3,5.4,8.1,3.4,2.2,2.7,7.6,4.7,1.8,2.0,2.7,3.6,6.3,1.2,17.7,5.0,100.0,8.5,32.8,2.9,16.0,9.2,15.5,3.4,7.1,4.9,9.0,5.9,3.3,4.0,3.6,3.8,11.6,2.2,8.5,48.8,46.0,49.0,49.0,49.0,50.0,49.0,49.0,49.0,40.0,67,77,65,69,65,64,65,65,64,33,23,35,31,35,36,35,35,36,77,77,Yes,Yes,No,No,No,No,No,No,No,No,No,No,No,No,No,No,No,No,No,No,No,No,No,No,No,No,No,Yes,No,No,69,69,63,10.664,17.859,12.340,0.259,1.970,1.177,0.608,85.0,65.0,125.0,98.0,0,4.7,0.0,4.7,17.8,1.6,8.7,5.5,8.3,2.0,3.8,2.9,4.8,3.3,1.9,2.2,2.1,2.2,6.4,1.3,76.7,77.7,10.8,78.5,88.4,91.2,90.7,88.9,87.3,1064.1,10.67,15,15,15,35,62,374,1,2,Yes,No,Yes,No,No,No,No,No,No,No,Yes,No,No,No,No,No,No,No,No,No,No,No,No,No,No,No,No,No,No,No,No,No,No,No,No,No,No,75.0,60,60,67,97.0,100.0,No,No,16291,13114,0.0,0.0,0.0,0.008,0.020,5321,7290,71.3,80.9,87.0,0.694,19.059,19.011,19.107,39.549,18.750,29.886,3.574,33.475,12.000,29.886,9.691,3.035,28.454,40.000,40.000,1125.0,1375.2,982.0,1152.5,1057.0,937.0,1105.4,1373.9,1048.1,100.0,36.0,0.0,1.0,76.5,19.8,98.9,0.0,0.0,0.0,0.0,Yes,Yes,No,No,No,No,No,0,0,0,0,0,0,0,0,0,10,0,0,0,0,0,0,0,0,0,0,0,0,0,0,0,0,0,0,0,0,961,3135,3007,119,16.0,63,0.672,0.259,550.0,1330.0,0.7,0.3,0.0,0.2,0.8,0.0,0.0,0.0,0.0,3.1,502,15713,503,No,No,No,No,No,No,No,No,15.995,30.772,43.2,65.915,24.5,30.9,19.3,19.8,19.0,19.0,19.0,19.0,19.3,19.8,18.9,18.9,18.9,18.9,51.73,52.76,51.00,50.99,52.85,52.85,51.82,0.00,6.68,45.05,0.83,1331,23,7.5,0.3,0,0,0.0,0.0,0,
13.9.2026,21:48:9.476,10872,26679,28.9,9975,22455,30.7,0.0,5120,0,1.313,1.310,1.320,1.300,1.317,1.322,1.312,1.287,1.335,1.031,0.843,4913.0,4987.8,4888.0,4888.0,4888.0,4987.8,4888.0,4888.0,4888.0,99.8,3990.2,99.8,207.4,784.6,267.8,397.0,191.0,358.7,98.8,111.8,112.0,87.2,153.7,81.2,121.6,100.4,98.8,300.5,53.4,207.4,4.0,16.6,4.7,8.7,4.5,6.8,1.4,3.8,1.7,0.0,2.5,1.8,1.8,1.4,1.4,6.5,1.2,16.6,4.0,100.0,8.3,30.9,10.5,16.1,7.9,14.3,4.0,4.5,4.6,3.4,6.0,3.3,5.0,4.1,4.0,12.0,2.2,8.3,49.2,50.0,49.0,49.0,49.0,50.0,49.0,49.0,49.0,40.0,66,72,65,67,66,64,65,64,62,34,28,35,33,34,36,35,36,38,72,72,Yes,Yes,No,No,No,No,No,No,No,No,No,No,No,No,No,No,No,No,No,No,No,No,No,No,No,No,No,Yes,No,No,80,80,63,27.891,18.501,13.188,0.077,1.969,1.113,0.607,85.0,65.0,125.0,98.0,0,11.1,0.0,4.6,16.7,5.5,8.9,4.7,7.7,2.3,2.4,2.7,1.8,3.4,1.9,2.8,2.3,2.3,6.6,1.3,78.5,75.1,21.9,79.6,89.0,93.9,90.3,91.3,86.8,1064.1,10.67,15,15,15,35,62,374,1,2,Yes,No,Yes,No,No,No,No,No,No,No,Yes,No,No,No,No,No,No,No,No,No,No,No,No,No,No,No,No,No,No,No,No,No,No,No,No,No,No,75.0,60,60,67,97.0,100.0,No,No,16291,13114,0.0,0.0,0.0,0.000,0.024,5321,7290,71.9,81.5,87.0,0.681,19.092,19.044,19.141,39.574,17.815,30.280,3.580,33.898,12.000,30.280,9.705,8.067,14.712,40.000,40.000,1147.0,1375.2,1005.0,1144.1,1087.0,967.0,1140.8,1374.3,1082.3,100.0,37.0,0.0,1.0,76.5,20.0,100.0,0.0,0.0,0.0,0.0,Yes,Yes,No,No,No,No,No,0,0,0,0,0,0,0,0,0,10,0,0,0,0,0,0,0,0,0,0,0,0,0,0,0,0,0,0,0,0,961,3135,3007,119,16.0,64,0.672,0.077,550.0,1330.0,0.6,0.3,0.0,0.2,0.8,0.0,0.0,0.0,0.0,3.1,502,15713,503,No,No,No,No,No,No,No,No,15.999,30.772,43.2,66.076,24.5,30.9,19.2,20.5,18.4,18.4,18.4,18.4,19.0,20.1,18.4,18.4,18.4,18.4,52.16,54.12,49.92,49.89,54.14,54.14,52.69,0.00,7.15,45.00,1.30,1331,23,2.7,0.2,0,0,0.0,0.0,0,
13.9.2026,21:48:11.472,10872,26679,28.9,9974,22457,30.7,0.0,5120,0,1.286,1.137,1.320,1.300,1.317,1.322,1.312,1.250,1.332,1.031,0.843,4838.2,4489.0,4888.0,4888.0,4888.0,4987.8,4888.0,4788.3,4888.0,99.8,3990.2,99.8,200.9,778.5,76.7,370.9,142.2,330.5,120.6,149.2,131.1,310.8,79.5,81.3,113.9,83.6,85.6,301.2,59.0,200.9,5.1,16.7,2.6,8.5,3.8,7.9,2.9,3.4,3.2,14.6,2.0,2.1,3.5,2.1,2.2,6.8,0.0,16.7,5.1,100.0,8.0,30.7,3.0,15.1,6.1,13.1,4.8,5.9,5.3,12.0,3.2,3.3,4.7,3.4,3.5,12.0,2.5,8.0,48.5,45.0,49.0,49.0,49.0,50.0,49.0,48.0,49.0,40.0,65,70,66,66,66,64,66,63,61,35,30,34,34,34,36,34,37,39,70,70,Yes,Yes,No,No,No,Yes,No,No,No,No,No,No,No,No,No,No,No,No,No,No,No,No,No,No,No,No,No,Yes,No,No,68,68,63,10.664,18.168,12.740,0.160,1.970,1.142,0.599,85.0,65.0,125.0,98.0,0,14.0,0.0,4.4,16.6,1.6,8.3,3.6,7.0,2.7,3.2,3.1,6.4,1.8,1.9,2.6,1.9,2.0,6.6,1.4,79.2,78.9,25.9,79.5,90.1,91.1,91.4,88.8,87.6,1596.1,16.00,22,22,22,52,62,560,1,2,Yes,No,Yes,No,No,No,No,No,No,No,Yes,No,No,No,No,No,No,No,No,No,No,No,No,No,No,No,No,No,No,No,No,No,No,No,No,No,No,75.0,60,60,67,97.0,100.0,No,No,16291,13114,0.0,0.0,0.0,0.000,0.004,5321,7290,71.8,81.6,87.0,0.675,19.079,19.031,19.128,39.459,17.934,30.160,3.635,33.799,12.000,30.160,9.746,2.446,21.523,40.000,40.000,1170.0,1375.2,1042.0,1116.6,1125.0,997.0,1169.5,1373.7,1123.3,100.0,35.0,0.0,1.0,75.8,19.8,99.1,0.0,0.0,0.0,0.0,Yes,Yes,No,No,No,No,No,0,0,0,0,0,0,0,0,0,10,0,0,0,0,0,0,0,0,0,0,0,0,0,0,0,0,0,0,0,0,993,3103,2975,120,16.0,62,0.672,0.160,550.0,1330.0,0.7,0.3,0.0,0.2,0.8,0.0,0.0,0.0,0.0,3.1,502,15713,503,No,No,No,No,No,No,No,No,16.000,30.772,43.2,66.080,24.5,30.9,18.7,18.9,18.4,18.4,18.4,18.4,18.6,18.8,18.3,18.3,18.3,18.3,53.62,54.55,53.09,53.09,54.62,54.62,53.84,0.00,6.87,46.76,0.42,1331,23,0.1,0.2,0,0,0.0,0.0,0,
13.9.2026,21:48:13.473,10841,26710,28.8,9975,22455,30.7,0.0,5120,0,1.310,1.307,1.317,1.295,1.312,1.320,1.312,1.285,1.332,1.031,0.703,4913.0,4987.8,4888.0,4888.0,4888.0,4987.8,4888.0,4888.0,4888.0,99.8,3990.2,99.8,200.9,823.6,181.8,165.7,137.4,340.1,76.4,104.5,140.4,158.5,59.2,155.8,160.9,168.2,153.7,247.2,140.9,200.9,4.6,17.3,0.0,3.7,3.1,7.1,1.7,3.0,3.9,4.7,2.1,3.9,3.6,4.4,4.1,5.4,5.3,17.3,4.6,100.0,8.1,32.5,7.1,6.9,5.6,13.5,3.1,4.2,5.6,6.2,2.4,6.9,6.8,6.7,6.1,9.9,5.6,8.1,49.2,50.0,49.0,49.0,49.0,50.0,49.0,49.0,49.0,40.0,63,67,62,63,63,63,64,62,61,37,33,38,37,37,37,36,38,39,67,67,Yes,Yes,No,No,No,No,No,Yes,No,No,No,No,No,No,No,No,No,No,No,No,No,No,No,No,No,No,No,Yes,No,No,78,78,64,11.485,17.968,12.454,0.203,1.971,1.181,0.601,85.0,65.0,125.0,98.0,0,31.1,0.0,4.4,17.4,3.8,3.8,3.2,7.2,1.8,2.3,3.2,3.3,1.4,4.0,3.8,3.7,3.5,5.5,3.2,81.9,75.9,78.6,80.4,91.9,94.5,57.5,88.8,87.9,1330.1,13.33,19,19,19,43,62,467,2,1,Yes,No,Yes,No,No,No,No,No,No,No,Yes,No,No,No,No,No,No,No,No,No,No,No,No,No,No,No,No,No,No,No,No,No,No,No,No,No,No,75.0,60,60,67,97.0,100.0,No,No,16291,13114,0.0,0.0,0.0,0.000,0.002,5321,7290,71.3,80.9,87.0,0.675,19.107,19.058,19.157,39.531,18.098,30.472,3.583,34.060,12.000,30.472,9.695,4.260,20.238,40.000,40.000,1155.0,1375.2,1020.0,1116.8,1102.0,975.0,1154.8,1373.8,1102.5,100.0,37.0,0.0,1.0,75.8,19.9,99.7,0.0,0.0,0.0,0.0,Yes,Yes,No,No,No,No,No,0,0,0,0,0,0,0,0,0,10,0,0,0,0,0,0,0,0,0,0,0,0,0,0,0,0,0,0,0,0,993,3103,2975,120,16.0,63,0.672,0.203,550.0,1596.0,0.6,0.3,0.0,0.2,0.8,0.0,0.0,0.0,0.0,3.1,502,15713,503,No,No,No,No,No,No,No,No,16.002,30.772,43.2,66.072,24.5,30.9,18.4,18.6,18.2,18.2,18.2,18.2,18.3,18.5,18.1,18.1,18.1,18.1,54.41,55.12,53.79,53.78,55.12,55.12,54.53,0.00,6.74,47.67,0.33,1331,23,2.3,0.2,0,0,0.0,0.0,0,
13.9.2026,21:48:15.473,10841,26710,28.8,9976,22455,30.7,0.0,5120,0,1.225,0.612,1.317,1.297,1.315,1.322,1.312,1.287,1.335,1.031,0.843,4389.3,798.0,4888.0,4888.0,4888.0,4987.8,4888.0,4888.0,4888.0,99.8,3990.2,99.8,214.8,840.5,275.3,179.7,178.1,348.5,91.8,82.5,123.6,242.9,68.4,139.7,174.1,139.5,119.2,265.5,167.8,214.8,4.3,17.7,8.6,4.0,3.2,7.3,2.8,0.2,2.8,0.0,0.8,3.1,4.4,2.3,1.9,5.8,3.7,17.7,4.3,100.0,8.6,33.1,10.8,7.4,7.2,13.8,3.7,3.4,5.0,9.4,2.7,5.8,7.8,5.6,4.8,10.6,6.7,8.6,44.0,8.0,49.0,49.0,49.0,50.0,49.0,49.0,49.0,40.0,65,70,63,65,64,64,66,64,62,35,30,37,35,36,36,34,36,38,70,70,Yes,Yes,No,No,No,No,No,No,No,No,No,No,No,No,No,No,No,No,No,No,No,No,No,No,No,No,No,Yes,No,No,70,70,64,12.715,17.513,11.776,0.409,1.969,1.208,0.602,85.0,65.0,125.0,98.0,0,25.0,0.0,4.7,17.8,5.8,4.1,4.1,7.4,2.1,1.8,2.9,5.0,1.6,3.2,4.6,3.1,2.7,5.9,3.7,79.9,72.9,76.1,79.7,92.7,92.8,51.3,87.9,85.6,1330.1,13.33,19,19,19,43,62,467,2,1,Yes,No,Yes,No,No,No,No,No,No,No,Yes,No,No,No,No,No,No,No,No,No,No,No,No,No,No,No,No,No,No,No,No,No,No,No,No,No,No,75.0,60,60,67,97.0,100.0,No,No,16291,13114,0.0,0.2,0.2,0.000,0.163,5321,7291,71.7,81.3,87.0,0.669,19.096,19.047,19.145,39.744,19.061,30.712,3.581,34.307,12.000,30.712,9.696,4.106,27.375,40.000,40.000,1117.0,1375.2,982.0,1116.9,1057.0,937.0,1112.0,1373.6,1051.3,100.0,36.0,0.0,1.0,75.8,20.0,100.0,0.0,0.0,0.0,0.0,Yes,Yes,No,No,No,No,No,0,0,0,0,0,0,0,0,0,10,0,0,0,0,0,0,0,0,0,0,0,0,0,0,0,0,0,0,0,0,993,3103,2975,120,16.0,63,0.675,0.409,550.0,1596.0,0.7,0.3,0.0,0.2,0.8,0.0,0.0,0.0,0.0,3.1,502,15713,503,No,No,No,No,No,No,No,No,16.003,30.772,43.2,66.076,24.5,30.9,18.3,18.7,18.0,18.0,18.0,18.0,18.4,18.5,18.0,18.0,18.0,18.0,54.52,55.61,53.98,53.98,55.66,55.66,54.46,0.00,6.76,47.76,0.67,1331,23,3.8,0.2,0,0,0.0,0.0,0,
13.9.2026,21:48:17.475,10892,26659,29.0,9981,22450,30.7,0.0,5120,0,1.298,1.205,1.317,1.297,1.312,1.320,1.312,1.285,1.332,1.031,0.843,4875.6,4688.5,4888.0,4888.0,4888.0,4987.8,4888.0,4888.0,4888.0,99.8,3990.2,99.8,217.3,824.0,317.9,164.3,132.4,348.2,104.5,131.8,140.2,281.6,64.7,176.1,189.8,122.1,89.0,255.1,135.5,217.3,5.3,17.6,11.4,3.7,3.0,6.6,1.6,2.0,3.1,12.6,2.2,4.0,4.6,2.7,2.0,5.6,2.9,17.6,5.3,100.0,8.7,32.5,12.4,6.9,5.4,13.8,4.2,5.3,5.6,10.9,2.6,7.3,8.2,4.9,3.6,10.2,5.4,8.7,48.9,47.0,49.0,49.0,49.0,50.0,49.0,49.0,49.0,40.0,64,68,63,64,63,63,64,62,61,36,32,37,36,37,37,36,38,39,68,68,Yes,Yes,No,No,No,Yes,No,No,No,No,No,No,No,No,No,No,No,No,No,No,No,No,No,No,No,No,No,Yes,No,No,69,69,63,13.535,18.212,12.531,0.333,1.971,1.211,0.607,85.0,65.0,125.0,98.0,0,27.1,0.0,4.8,17.7,6.6,3.8,3.1,7.5,2.4,2.9,3.2,5.9,1.5,4.1,4.8,2.8,2.1,5.7,3.1,79.8,72.5,78.9,78.5,91.3,91.8,51.2,87.8,86.4,1330.1,13.33,19,19,19,43,62,467,2,1,Yes,No,Yes,No,No,No,No,No,No,No,Yes,No,No,No,No,No,No,No,No,No,No,No,No,No,No,No,No,No,No,No,No,No,No,No,No,No,No,76.0,61,61,68,97.0,100.0,No,No,16291,13114,0.0,0.1,0.1,0.000,0.047,5321,7291,71.8,81.6,87.0,0.662,19.055,19.008,19.103,39.660,18.199,30.364,3.573,33.945,12.000,30.364,9.682,5.909,19.753,40.000,40.000,1072.0,1375.2,937.0,1114.9,1012.0,900.0,1071.8,1374.2,1011.2,100.0,36.0,0.0,1.0,75.9,20.0,100.0,0.0,0.0,0.0,0.0,Yes,Yes,No,No,No,No,No,0,0,0,0,0,0,0,0,0,10,0,0,0,0,0,0,0,0,0,0,0,0,0,0,0,0,0,0,0,0,988,3108,2981,120,16.0,63,0.672,0.333,550.0,1596.0,0.6,0.3,0.0,0.1,0.7,0.0,0.0,0.0,0.0,3.1,502,15712,503,No,No,No,No,No,No,No,No,16.007,31.266,43.9,65.997,24.5,30.9,17.2,71.4,10.9,10.6,10.6,10.6,16.2,18.3,15.4,15.4,15.4,15.4,59.06,64.98,52.00,52.00,65.10,65.10,61.78,0.00,10.52,48.54,4.30,1331,23,6.1,5.9,0,0,0.0,0.0,0,
13.9.2026,21:48:19.470,10895,26655,29.0,9985,22445,30.7,0.0,5120,0,1.239,1.180,1.240,1.265,1.232,1.210,1.237,1.255,1.292,1.006,0.843,4713.5,4588.8,4688.5,4788.3,4688.5,4688.5,4688.5,4788.3,4788.3,99.8,3890.5,99.8,209.3,805.0,261.7,157.2,111.6,322.1,84.3,140.6,109.3,368.7,56.7,183.3,220.2,81.7,81.4,219.3,145.2,209.3,4.9,17.0,5.3,3.4,3.2,7.4,2.5,5.1,2.4,9.7,1.1,4.4,4.6,2.5,2.5,4.7,3.0,17.0,4.9,100.0,8.4,31.7,10.2,6.6,4.6,12.7,3.4,5.6,4.4,14.3,2.3,8.1,8.9,3.4,3.3,8.9,5.8,8.4,47.2,46.0,47.0,48.0,47.0,47.0,47.0,48.0,48.0,39.0,71,87,71,73,69,66,67,70,63,29,13,29,27,31,34,33,30,37,87,87,Yes,Yes,No,No,No,Yes,No,No,No,No,No,No,No,No,No,No,No,No,No,No,No,No,No,No,No,No,No,Yes,No,No,69,69,63,10.664,18.266,12.601,0.345,1.970,1.197,0.608,85.0,65.0,125.0,98.0,0,26.9,0.0,4.6,17.2,5.4,3.7,2.6,6.9,2.0,3.0,2.6,7.8,1.3,4.7,4.8,1.9,1.9,4.9,3.2,81.5,74.4,81.0,81.0,92.7,90.2,56.4,89.6,86.7,1064.1,10.67,15,15,15,35,62,374,1,2,Yes,No,Yes,No,No,No,No,No,No,No,Yes,No,No,No,No,No,No,No,No,No,No,No,No,No,No,No,No,No,No,No,No,No,No,No,No,No,No,76.0,61,61,68,97.0,100.0,No,No,16291,13114,0.0,0.0,0.0,0.000,0.002,5321,7291,71.2,80.7,87.0,0.669,19.066,19.018,19.113,39.819,20.132,31.378,3.613,35.034,12.000,31.378,9.732,6.820,31.100,40.000,40.000,1200.0,1375.2,1065.0,1130.2,1147.0,1020.0,1192.9,1374.1,1125.5,100.0,33.0,0.0,1.0,76.5,19.7,98.5,0.0,0.0,0.0,0.0,Yes,Yes,No,No,No,No,No,0,0,0,0,0,0,0,0,0,10,0,0,0,0,0,0,0,0,0,0,0,0,0,0,0,0,0,0,0,0,961,3135,3008,120,16.0,62,0.675,0.345,550.0,1596.0,0.6,0.2,0.0,0.2,0.8,0.0,0.0,0.0,0.0,3.1,502,15713,503,No,No,No,No,No,No,No,No,16.008,31.266,43.9,66.033,24.5,30.9,15.9,16.6,15.2,15.1,15.1,15.1,15.9,16.2,15.8,15.8,15.8,15.8,62.53,63.20,60.33,60.21,63.21,63.21,62.82,0.00,7.04,55.49,1.00,1331,23,2.3,0.2,0,0,0.0,0.0,0,
13.9.2026,21:48:21.473,10887,26664,28.9,9986,22445,30.7,0.0,5120,0,1.202,1.175,1.317,1.302,1.315,1.242,1.312,0.617,1.332,1.031,0.843,4326.9,4588.8,4888.0,4888.0,4888.0,4788.3,4888.0,798.0,4888.0,99.8,3990.2,99.8,197.7,713.2,191.9,175.1,135.2,352.9,71.8,95.5,137.3,102.8,162.4,104.9,151.7,92.8,113.8,327.1,235.1,197.7,4.4,15.4,2.8,3.5,3.4,7.8,2.0,1.6,3.4,1.0,3.8,2.7,4.0,2.4,2.9,7.3,5.7,15.4,4.4,100.0,8.0,28.2,7.5,7.3,5.5,14.0,2.9,3.9,5.5,4.0,6.3,4.3,6.7,3.7,4.6,13.0,9.9,8.0,43.4,46.0,49.0,49.0,49.0,48.0,49.0,8.0,49.0,40.0,66,82,62,71,64,63,64,64,61,34,18,38,29,36,37,36,36,39,82,82,Yes,No,Yes,No,No,No,No,No,No,No,No,No,No,No,No,No,No,No,No,No,No,No,No,No,No,No,No,Yes,No,No,69,69,63,11.074,18.091,12.432,0.349,1.971,1.193,0.595,85.0,65.0,125.0,98.0,0,38.1,0.0,4.4,15.2,4.0,4.0,3.1,7.5,1.7,2.1,3.1,2.2,3.5,2.4,3.8,2.1,2.6,7.1,5.5,83.6,77.7,81.8,81.0,92.7,93.5,74.4,89.8,78.1,1330.1,13.33,19,19,19,43,62,467,2,1,Yes,No,Yes,No,No,No,No,No,No,No,Yes,No,No,No,No,No,No,No,No,No,No,No,No,No,No,No,No,No,No,No,No,No,No,No,No,No,No,76.0,61,61,68,97.0,100.0,No,No,16291,13114,0.0,0.1,0.1,0.000,0.028,5321,7291,71.4,81.2,87.0,0.662,19.110,19.061,19.158,39.402,16.009,27.570,3.812,31.400,12.000,27.570,9.928,1.831,13.959,40.000,40.000,1072.0,1375.2,937.0,1139.4,1012.0,900.0,1072.6,1374.4,1012.0,100.0,33.0,0.0,1.0,76.5,19.8,99.2,0.0,0.0,0.0,0.0,Yes,Yes,No,No,No,No,No,0,0,0,0,0,0,0,0,0,10,0,0,0,0,0,0,0,0,0,0,0,0,0,0,0,0,0,0,0,0,961,3135,3008,120,16.0,62,0.672,0.349,550.0,1330.0,0.7,0.3,0.0,0.2,0.8,0.0,0.0,0.0,0.0,3.1,502,15713,503,No,No,No,No,No,No,No,No,16.013,31.266,43.9,66.102,24.5,30.9,16.0,16.2,15.8,15.8,15.8,15.8,15.9,16.4,15.1,15.0,15.0,15.0,62.50,63.61,61.40,61.39,63.63,63.63,62.89,0.00,7.21,55.29,1.04,1331,23,0.2,0.2,0,0,0.0,0.0,0,
13.9.2026,21:48:23.476,10887,26664,28.9,9985,22445,30.7,0.0,5120,0,1.289,1.137,1.315,1.297,1.312,1.320,1.312,1.287,1.332,1.031,0.843,4849.4,4487.9,4886.8,4886.8,4886.8,4986.5,4886.8,4886.8,4886.8,99.7,3989.2,99.8,199.7,762.1,238.1,169.7,100.6,358.6,96.2,105.5,131.2,112.8,176.7,100.0,117.1,103.3,109.2,297.4,216.5,199.7,4.2,15.9,6.1,4.3,2.1,7.3,1.1,2.8,2.7,3.6,2.7,2.0,2.3,1.2,1.4,6.1,5.0,15.9,4.2,100.0,8.0,30.2,9.3,7.1,4.1,14.2,3.8,4.2,5.3,4.4,6.9,4.1,4.8,4.2,4.4,11.9,9.7,8.0,48.6,45.0,49.0,49.0,49.0,50.0,49.0,49.0,49.0,40.0,64,69,62,65,62,63,64,64,61,36,31,38,35,38,37,36,36,39,69,69,Yes,Yes,No,No,No,No,No,No,No,No,No,No,No,No,No,No,No,No,No,No,No,No,No,No,No,No,No,Yes,No,No,68,68,62,10.254,17.195,11.348,0.457,1.970,1.247,0.597,85.0,65.0,125.0,98.0,0,42.2,0.0,4.4,16.2,4.9,3.9,2.4,7.6,2.2,2.3,3.1,2.4,3.7,2.3,2.7,2.3,2.5,6.4,5.5,84.2,75.7,80.7,79.5,92.2,93.2,88.8,89.2,74.4,1329.7,13.33,19,19,19,43,62,467,2,1,Yes,No,Yes,No,No,No,No,No,No,No,Yes,No,No,No,No,No,No,No,No,No,No,No,No,No,No,No,No,No,No,No,No,No,No,No,No,No,No,76.0,61,61,68,97.0,100.0,No,No,16291,13114,0.0,0.1,0.1,0.000,0.061,5321,7291,71.3,80.9,87.0,0.669,19.076,19.028,19.123,39.490,16.907,29.103,3.729,32.873,12.000,29.103,9.854,2.106,16.491,40.000,40.000,1095.0,1375.2,967.0,1147.1,1042.0,922.0,1095.6,1374.0,1041.4,100.0,33.0,0.0,1.0,76.5,20.0,99.8,0.0,0.0,0.0,0.0,Yes,Yes,No,No,No,No,No,0,0,0,0,0,0,0,0,0,10,0,0,0,0,0,0,0,0,0,0,0,0,0,0,0,0,0,0,0,0,961,3135,3008,120,16.0,62,0.672,0.457,550.0,1596.0,0.7,0.2,0.0,0.2,0.8,0.0,0.0,0.0,0.0,3.1,502,15713,503,No,No,No,No,No,No,No,No,16.013,31.266,43.9,66.006,24.5,30.9,16.2,16.6,15.9,15.9,15.9,15.9,16.2,16.5,15.9,15.9,15.9,15.9,61.87,63.01,60.76,60.72,63.05,63.05,61.73,0.00,7.37,54.50,0.96,1331,23,3.4,0.2,0,0,0.0,0.0,0,
13.9.2026,21:48:25.504,10928,26623,29.1,9985,22445,30.7,0.0,5120,0,1.290,1.137,1.317,1.297,1.315,1.320,1.312,1.285,1.335,1.031,0.843,4850.6,4489.0,4888.0,4888.0,4888.0,4987.8,4888.0,4888.0,4888.0,99.8,3990.2,99.8,202.3,679.7,114.0,272.1,156.4,332.8,129.0,178.3,191.1,121.4,258.0,102.7,115.5,107.7,86.2,245.6,146.9,202.3,4.3,14.9,2.8,5.7,3.1,5.9,3.3,2.9,4.2,2.2,5.1,2.0,2.2,2.8,2.3,5.8,3.7,14.9,4.3,100.0,8.1,26.9,4.5,11.1,6.3,13.2,5.2,7.4,8.1,4.7,10.1,4.3,4.8,4.3,3.5,9.9,5.9,8.1,48.6,45.0,49.0,49.0,49.0,50.0,49.0,49.0,49.0,40.0,64,68,62,64,64,62,64,62,64,36,32,38,36,36,38,36,38,36,68,68,Yes,Yes,Yes,No,No,Yes,No,No,No,No,No,No,No,No,No,No,No,No,No,No,No,No,No,No,No,No,No,Yes,No,No,72,72,63,10.664,17.569,11.611,0.534,1.969,1.284,0.604,85.0,65.0,125.0,98.0,0,26.3,0.0,4.5,14.6,2.4,6.1,3.5,7.1,2.9,4.1,4.7,2.6,5.4,2.4,2.6,2.4,2.0,5.5,3.3,81.5,78.8,77.0,79.0,57.9,91.5,88.8,93.0,86.5,1596.1,16.00,22,22,22,52,62,560,1,2,Yes,No,Yes,No,No,No,No,No,No,No,Yes,No,No,No,No,No,No,No,No,No,No,No,No,No,No,No,No,No,No,No,No,No,No,No,No,No,No,76.0,61,61,68,97.0,100.0,No,No,16291,13114,0.0,0.1,0.1,0.000,0.100,5321,7291,71.4,80.7,87.0,0.719,19.055,19.008,19.101,39.744,19.619,30.511,3.650,34.191,12.000,30.511,9.762,6.626,29.699,40.000,40.000,1147.0,1375.2,1005.0,1153.3,1087.0,967.0,1146.8,1373.9,1087.4,100.0,34.0,0.0,1.0,76.5,20.0,100.0,0.0,0.0,0.0,0.0,Yes,Yes,No,No,No,No,No,0,0,0,0,0,0,0,0,0,10,0,0,0,0,0,0,0,0,0,0,0,0,0,0,0,0,0,0,0,0,961,3135,3008,120,16.0,63,0.672,0.534,550.0,1329.0,0.6,0.3,0.0,0.2,0.8,0.0,0.0,0.0,0.0,3.1,502,15713,503,No,No,No,No,No,No,No,No,16.005,31.266,43.9,65.989,24.5,30.9,17.4,19.3,14.3,14.2,14.2,14.2,18.3,19.7,14.4,14.2,14.1,14.1,56.81,69.72,51.58,51.54,70.82,70.82,54.72,0.00,7.08,49.72,4.63,1331,23,5.6,0.2,0,0,0.0,0.0,0,
13.9.2026,21:48:27.503,10928,26622,29.1,9985,22446,30.7,0.0,5120,0,1.314,1.315,1.317,1.302,1.317,1.322,1.312,1.287,1.335,1.031,0.703,4913.0,4987.8,4888.0,4888.0,4888.0,4987.8,4888.0,4888.0,4888.0,99.8,3990.2,99.8,213.0,796.5,122.8,300.5,128.7,359.0,97.1,127.1,133.8,81.8,260.7,113.5,134.9,83.2,106.3,302.4,260.2,213.0,4.9,16.6,0.0,7.1,3.4,8.7,2.7,4.0,3.5,2.3,6.7,3.1,3.5,2.4,2.9,6.3,5.8,16.6,4.9,100.0,8.6,31.5,4.8,12.2,5.2,14.2,3.9,5.1,5.4,3.2,10.2,4.6,5.6,3.3,4.3,12.3,11.2,8.6,49.2,50.0,49.0,49.0,49.0,50.0,49.0,49.0,49.0,40.0,67,79,64,70,65,64,66,64,63,33,21,36,30,35,36,34,36,37,79,79,Yes,Yes,No,No,No,Yes,No,No,No,No,No,No,No,No,No,No,No,No,No,No,No,No,No,No,No,No,No,Yes,No,No,70,70,63,14.766,17.971,12.258,0.361,1.970,1.222,0.603,85.0,65.0,125.0,98.0,0,39.9,0.0,4.7,16.9,2.6,6.7,3.0,7.6,2.3,2.7,3.1,1.8,5.5,2.6,3.1,1.9,2.4,6.7,6.2,83.4,76.1,77.7,80.1,92.2,92.4,86.6,91.6,70.2,1330.1,13.33,19,19,19,43,62,467,2,1,Yes,No,Yes,No,No,No,No,No,No,No,Yes,No,No,No,No,No,No,No,No,No,No,No,No,No,No,No,No,No,No,No,No,No,No,No,No,No,No,76.0,61,61,68,97.0,100.0,No,No,16291,13114,0.0,0.0,0.0,0.000,0.008,5321,7291,71.8,81.6,87.0,0.675,19.096,19.048,19.144,39.751,19.283,29.803,3.676,33.502,12.000,29.803,9.795,7.249,28.441,40.000,40.000,1102.0,1375.2,982.0,1158.8,1057.0,937.0,1102.3,1373.8,1056.6,100.0,33.0,0.0,1.0,76.7,20.0,100.0,0.0,0.0,0.0,0.0,Yes,Yes,No,No,No,No,No,0,0,0,0,0,0,0,0,0,10,0,0,0,0,0,0,0,0,0,0,0,0,0,0,0,0,0,0,0,0,954,3142,3014,120,16.0,63,0.672,0.361,550.0,1596.0,0.7,0.3,0.0,0.2,0.8,0.0,0.0,0.0,0.0,3.1,502,15713,503,No,No,No,No,No,No,No,No,16.014,31.266,43.9,65.930,24.5,30.9,18.3,18.8,17.9,17.9,17.9,17.9,18.1,18.6,17.8,17.8,17.8,17.8,54.86,56.10,52.93,52.86,56.15,56.15,55.14,0.00,7.00,47.86,0.59,1331,23,2.7,0.2,0,0,0.0,0.0,0,
13.9.2026,21:48:29.502,10891,26660,29.0,9984,22447,30.7,0.0,5120,0,1.271,1.210,1.240,1.265,1.275,1.245,1.312,1.287,1.335,1.006,0.703,4800.8,4688.5,4688.5,4788.3,4788.3,4788.3,4888.0,4888.0,4888.0,99.8,3890.5,99.8,207.3,760.7,325.1,198.2,107.8,251.9,181.6,84.0,131.2,142.7,157.4,103.7,148.6,71.8,125.3,300.7,226.8,207.3,4.6,16.1,8.2,4.5,2.5,5.4,4.0,1.9,3.0,2.3,3.4,2.4,3.3,1.7,2.8,6.7,5.1,16.1,4.6,100.0,8.3,30.1,12.6,8.2,4.4,10.0,7.2,3.4,5.3,5.6,6.1,4.2,6.1,2.9,5.0,12.4,9.6,8.3,48.1,47.0,47.0,48.0,48.0,48.0,49.0,49.0,49.0,39.0,69,79,66,73,66,67,67,68,65,31,21,34,27,34,33,33,32,35,79,79,Yes,Yes,No,No,No,No,No,No,No,No,No,No,No,No,No,No,No,No,No,No,No,No,No,No,No,No,No,Yes,No,No,70,70,63,10.664,18.168,12.201,0.502,1.971,1.298,0.620,85.0,65.0,125.0,98.0,0,44.4,0.0,4.6,16.1,6.7,4.6,2.5,5.4,4.0,1.9,3.0,3.0,3.4,2.4,3.3,1.7,2.8,6.8,5.3,84.6,74.1,81.7,80.6,91.9,92.8,86.1,91.7,77.8,1330.1,13.33,19,19,19,43,62,467,2,1,Yes,No,Yes,No,No,No,No,No,No,No,Yes,No,No,No,No,No,No,No,No,No,No,No,No,No,No,No,No,No,No,No,No,No,No,No,No,No,No,76.0,61,61,68,97.0,100.0,No,No,16291,13114,0.0,0.0,0.0,0.000,0.002,5321,7291,71.7,81.2,87.0,0.688,19.124,19.075,19.172,39.593,18.609,30.587,3.701,34.299,12.000,30.587,9.809,4.584,23.302,40.000,40.000,1147.0,1375.2,1020.0,1150.2,1102.0,975.0,1145.5,1374.9,1097.4,100.0,34.0,0.0,1.0,76.7,19.9,99.7,0.0,0.0,0.0,0.0,Yes,Yes,No,No,No,No,No,0,0,0,0,0,0,0,0,0,10,0,0,0,0,0,0,0,0,0,0,0,0,0,0,0,0,0,0,0,0,954,3142,3014,120,16.0,64,0.675,0.502,550.0,1596.0,0.6,0.2,0.0,0.1,0.7,0.0,0.0,0.0,0.0,3.1,502,15713,503,No,No,No,No,No,No,No,No,16.018,31.266,43.9,65.946,24.5,30.9,17.7,18.1,17.2,17.2,17.2,17.2,17.6,18.0,17.1,17.1,17.1,17.1,56.56,58.47,55.62,55.61,58.63,58.63,56.74,0.00,7.02,49.54,0.80,1331,23,0.3,0.3,0,0,0.0,0.0,0,
13.9.2026,21:48:31.508,10889,26662,28.9,9982,22449,30.7,0.0,5120,0,1.225,1.317,1.317,1.302,1.312,1.275,0.650,1.287,1.335,1.031,0.703,4389.3,4987.8,4888.0,4888.0,4888.0,4888.0,798.0,4888.0,4888.0,99.8,3990.2,99.8,199.6,735.5,237.5,180.5,131.2,119.0,326.8,74.0,161.0,100.2,153.7,57.2,111.8,119.3,142.0,301.7,242.6,199.6,3.9,15.3,5.3,3.8,2.6,2.2,6.7,0.5,3.3,0.0,2.9,1.1,2.2,2.3,2.8,6.1,5.5,15.3,3.9,100.0,8.0,29.2,9.2,7.5,5.3,4.8,12.8,3.0,6.5,3.9,6.0,2.4,4.7,4.8,5.7,12.1,10.7,8.0,44.0,50.0,49.0,49.0,49.0,49.0,8.0,49.0,49.0,40.0,67,80,63,72,63,63,65,66,64,33,20,37,28,37,37,35,34,36,80,80,Yes,Yes,No,No,No,No,No,Yes,No,No,No,No,No,No,No,No,No,No,No,No,No,No,No,No,No,No,No,Yes,No,No,73,73,63,12.305,17.855,11.789,0.598,1.970,1.306,0.615,85.0,65.0,125.0,98.0,0,40.5,0.0,4.4,15.7,4.9,4.2,3.0,2.6,7.0,1.6,3.7,2.1,3.3,1.4,2.6,2.7,3.2,6.5,6.0,83.8,75.7,78.3,79.5,92.3,93.8,89.3,89.2,72.0,1330.1,13.33,19,19,19,43,62,467,2,1,Yes,No,Yes,No,No,No,No,No,No,No,Yes,No,No,No,No,No,No,No,No,No,No,No,No,No,No,No,No,No,No,No,No,No,No,No,No,No,No,76.0,61,61,68,97.0,100.0,No,No,16291,13114,0.0,0.1,0.1,0.000,0.069,5321,7291,71.7,81.1,87.0,0.675,19.089,19.041,19.138,39.675,17.470,28.869,3.865,32.764,12.000,28.869,9.984,9.209,14.197,40.000,40.000,1125.0,1375.2,982.0,1165.3,1057.0,937.0,1122.9,1374.5,1056.9,100.0,35.0,0.0,1.0,76.5,19.8,99.0,0.0,0.0,0.0,0.0,Yes,Yes,No,No,No,No,No,0,0,0,0,0,0,0,0,0,10,0,0,0,0,0,0,0,0,0,0,0,0,0,0,0,0,0,0,0,0,962,3134,3006,120,16.0,64,0.672,0.598,550.0,1330.0,0.7,0.3,0.0,0.2,0.8,0.0,0.0,0.0,0.0,3.1,502,15713,503,No,No,No,No,No,No,No,No,16.023,31.266,43.9,66.079,24.5,30.9,17.4,17.7,16.7,16.7,16.7,16.7,17.4,17.6,17.0,17.0,17.0,17.0,57.36,58.81,56.65,56.64,58.93,58.93,57.48,0.00,6.75,50.62,0.77,1331,23,3.5,0.2,0,0,0.0,0.0,0,
13.9.2026,21:48:33.503,10882,26669,28.9,9985,22446,30.7,0.0,5120,0,1.310,1.305,1.317,1.295,1.312,1.320,1.312,1.285,1.335,1.031,0.703,4913.0,4987.8,4888.0,4888.0,4888.0,4987.8,4888.0,4888.0,4888.0,99.8,3990.2,99.8,198.7,763.9,128.9,204.3,124.9,95.5,329.9,93.9,156.6,169.3,171.6,92.1,127.3,102.2,93.1,270.8,254.4,198.7,4.7,16.2,1.2,4.7,2.8,1.4,7.1,2.1,3.5,11.8,3.7,2.1,2.9,2.4,2.1,5.8,6.1,16.2,4.7,100.0,8.0,30.2,5.1,8.5,5.1,4.0,13.0,3.8,6.3,6.6,6.7,3.8,5.3,4.2,3.8,10.9,11.3,8.0,49.2,50.0,49.0,49.0,49.0,50.0,49.0,49.0,49.0,40.0,63,66,62,61,63,62,64,62,62,37,34,38,39,37,38,36,38,38,66,66,Yes,Yes,No,No,No,No,No,No,No,No,No,No,No,No,No,No,No,No,No,No,No,No,No,No,No,No,No,Yes,No,No,76,76,63,11.485,17.488,11.551,0.475,1.970,1.305,0.607,85.0,65.0,125.0,98.0,0,42.7,0.0,4.4,16.3,2.7,4.8,2.8,2.1,7.1,2.1,3.5,3.5,3.6,2.1,2.9,2.4,2.1,5.8,6.3,84.1,76.6,79.2,79.3,91.2,92.3,91.1,87.3,76.2,1330.1,13.33,19,19,19,43,62,467,2,1,Yes,No,Yes,No,No,No,No,No,No,No,Yes,No,No,No,No,No,No,No,No,No,No,No,No,No,No,No,No,No,No,No,No,No,No,No,No,No,No,76.0,61,61,68,97.0,100.0,No,No,16291,13114,0.0,0.0,0.0,0.000,0.040,5321,7291,71.7,81.5,87.0,0.713,19.085,19.037,19.133,39.700,16.887,29.075,3.769,32.871,12.000,29.075,9.893,4.545,13.868,40.000,40.000,1207.0,1375.2,1065.0,1168.2,1147.0,1020.0,1206.7,1373.9,1146.7,100.0,35.0,0.0,1.0,76.5,20.0,100.0,0.0,0.0,0.0,0.0,Yes,Yes,No,No,No,No,No,0,0,0,0,0,0,0,0,0,10,0,0,0,0,0,0,0,0,0,0,0,0,0,0,0,0,0,0,0,0,962,3134,3006,120,16.0,63,0.672,0.475,550.0,1596.0,0.6,0.3,0.0,0.2,0.8,0.0,0.0,0.0,0.0,3.1,502,15713,503,No,No,No,No,No,No,No,No,16.018,31.266,43.9,65.962,24.5,30.9,17.3,17.6,17.1,17.1,17.1,17.1,17.3,17.5,17.0,17.0,17.0,17.0,57.78,58.63,56.92,56.90,58.68,58.68,57.77,0.00,6.55,51.23,0.59,1331,23,6.5,0.2,0,0,0.0,0.0,0,
13.9.2026,21:48:35.496,10878,26673,28.9,9982,22448,30.7,0.0,5120,0,1.265,1.137,1.317,1.142,1.312,1.275,1.312,1.287,1.332,1.031,0.843,4788.3,4489.0,4888.0,4489.0,4888.0,4888.0,4888.0,4888.0,4888.0,99.8,3990.2,99.8,203.3,817.3,175.5,215.1,106.2,114.3,303.9,80.1,129.9,80.4,193.6,59.2,124.2,102.8,121.5,391.0,237.8,203.3,4.5,17.4,5.2,5.0,2.5,1.1,6.6,2.6,3.1,1.8,3.5,1.5,2.9,1.7,2.8,9.0,5.2,17.4,4.5,100.0,8.2,32.3,6.8,8.9,4.3,4.7,12.0,3.2,5.2,3.2,7.6,2.5,5.1,4.2,4.9,16.3,9.4,8.2,48.0,45.0,49.0,45.0,49.0,49.0,49.0,49.0,49.0,40.0,64,68,62,64,63,63,64,64,60,36,32,38,36,37,37,36,36,40,68,68,Yes,Yes,No,No,No,No,No,No,Yes,No,No,No,No,No,No,No,No,No,No,No,No,No,No,No,No,No,No,Yes,No,No,68,68,63,10.254,17.576,11.554,0.566,1.970,1.296,0.605,85.0,65.0,125.0,98.0,0,39.8,0.0,4.5,17.3,3.6,5.0,2.5,2.5,6.6,1.8,3.0,1.7,4.1,1.4,2.8,2.4,2.7,9.1,5.1,84.0,75.9,77.8,79.2,93.2,93.6,93.7,89.9,68.4,1330.1,13.33,19,19,19,43,62,467,2,1,Yes,No,Yes,No,No,No,No,No,No,No,Yes,No,No,No,No,No,No,No,No,No,No,No,No,No,No,No,No,No,No,No,No,No,No,No,No,No,No,76.0,61,61,68,97.0,100.0,No,No,16291,13114,0.0,0.0,0.0,0.000,0.004,5321,7291,71.7,81.2,87.0,0.719,19.114,19.066,19.162,39.320,16.104,26.375,3.890,30.276,12.000,26.375,10.002,4.668,15.249,40.000,40.000,1207.0,1375.2,1087.0,1166.2,1170.0,1035.0,1207.8,1374.1,1168.5,100.0,33.0,0.0,1.0,76.5,0.0,0.0,0.0,0.0,0.0,0.0,Yes,Yes,No,No,No,No,No,0,0,0,0,0,0,0,0,0,10,0,0,0,0,0,0,0,0,0,0,0,0,0,0,0,0,0,0,0,0,962,3134,3006,120,16.0,64,0.672,0.566,550.0,1596.0,0.6,0.3,0.0,0.2,0.8,0.0,0.0,0.0,0.0,3.1,502,15713,504,No,No,No,No,No,No,No,No,16.013,31.266,43.9,65.958,24.5,30.9,16.9,17.2,16.5,16.4,16.4,16.4,16.8,17.2,16.6,16.6,16.6,16.6,59.23,60.13,57.90,57.82,60.14,60.14,59.41,0.00,6.44,52.79,0.69,1331,23,2.8,0.3,0,0,0.0,0.0,0,
13.9.2026,21:48:37.503,10878,26673,28.9,9982,22448,30.7,0.0,5120,0,1.312,1.307,1.317,1.295,1.315,1.322,1.312,1.287,1.335,1.031,0.703,4913.0,4987.8,4888.0,4888.0,4888.0,4987.8,4888.0,4888.0,4888.0,99.8,3990.2,99.8,198.2,645.7,122.9,181.5,126.0,101.2,282.3,112.1,197.2,118.4,272.2,82.9,161.5,83.2,103.7,325.8,254.1,198.2,4.2,14.0,1.4,4.5,2.4,4.7,5.6,2.7,4.7,0.0,4.6,2.2,3.8,3.0,1.1,6.6,6.3,14.0,4.2,100.0,8.0,25.7,4.8,7.6,5.1,4.2,11.1,4.5,7.9,4.6,10.6,3.4,6.6,3.4,4.2,13.2,11.0,8.0,49.2,50.0,49.0,49.0,49.0,50.0,49.0,49.0,49.0,40.0,64,67,62,63,64,64,64,64,63,36,33,38,37,36,36,36,36,37,67,67,No,No,No,No,No,No,No,No,No,No,No,No,No,No,No,No,No,No,No,No,No,No,No,No,No,No,No,No,No,No,67,67,62,15.176,17.695,11.741,0.518,1.970,1.287,0.605,85.0,65.0,125.0,98.0,0,41.7,0.0,4.4,13.8,2.6,4.2,2.9,2.2,6.1,2.4,4.4,2.5,5.7,1.9,3.6,2.0,2.4,7.1,6.2,84.7,79.6,80.2,82.0,89.6,91.2,90.9,92.7,71.3,1330.1,13.33,19,19,19,43,62,467,2,1,Yes,No,Yes,No,No,No,No,No,No,No,Yes,No,No,No,No,No,No,No,No,No,No,No,No,No,No,No,No,No,No,No,No,No,No,No,No,No,No,76.0,61,61,68,97.0,100.0,No,No,16291,13114,0.0,0.0,0.0,0.000,0.022,5321,7291,71.8,81.1,87.0,0.669,19.068,19.019,19.118,39.641,19.150,31.338,3.785,35.138,12.000,31.338,9.909,5.510,24.182,40.000,40.000,1095.0,1375.2,967.0,1152.8,1042.0,922.0,1093.9,1373.2,1040.1,100.0,36.0,0.0,1.0,76.5,20.0,100.0,0.0,0.0,0.0,0.0,Yes,Yes,No,No,No,No,No,0,0,0,0,0,0,0,0,0,10,0,0,0,0,0,0,0,0,0,0,0,0,0,0,0,0,0,0,0,0,962,3134,3006,120,16.0,62,0.675,0.518,550.0,1596.0,0.6,0.3,0.0,0.2,0.8,0.0,0.0,0.0,0.0,3.1,502,15713,503,No,No,No,No,No,No,No,No,16.028,31.266,43.9,66.164,24.5,30.9,17.0,17.6,16.3,16.3,16.3,16.3,17.1,17.5,16.7,16.7,16.7,16.7,58.70,60.44,57.00,56.93,60.48,60.48,58.45,0.00,6.35,52.35,1.07,1331,23,3.9,0.2,0,0,0.0,0.0,0,
13.9.2026,21:48:39.497,10874,26677,28.9,9978,22453,30.7,0.0,5120,0,1.303,1.240,1.317,1.297,1.315,1.322,1.312,1.287,1.335,1.031,0.843,4888.0,4788.3,4888.0,4888.0,4888.0,4987.8,4888.0,4888.0,4888.0,99.8,3990.2,99.8,200.4,763.3,156.8,283.7,120.6,109.9,266.5,80.1,147.2,85.3,245.7,95.4,118.2,101.3,105.6,260.0,267.6,200.4,4.4,15.6,4.2,5.7,2.9,1.9,5.9,1.2,2.8,4.3,6.1,1.7,2.1,1.8,2.6,5.8,5.9,15.6,4.4,100.0,8.1,30.2,6.1,11.5,4.9,4.5,10.5,3.2,5.9,3.3,9.6,3.9,4.9,4.1,4.3,10.5,11.7,8.1,49.0,48.0,49.0,49.0,49.0,50.0,49.0,49.0,49.0,40.0,64,67,64,64,64,64,65,65,63,36,33,36,36,36,36,35,35,37,67,67,Yes,Yes,No,No,No,Yes,No,No,No,No,No,No,No,No,No,No,No,No,No,No,No,No,No,No,No,No,No,Yes,No,No,68,68,63,9.844,17.478,11.482,0.560,1.969,1.289,0.597,85.0,65.0,125.0,98.0,0,39.3,0.0,4.4,16.2,3.2,6.3,2.8,2.5,5.7,1.8,3.4,1.8,5.2,2.2,2.7,2.3,2.4,5.6,6.6,84.1,77.7,80.3,81.2,90.6,92.5,88.5,91.0,70.6,1330.1,13.33,19,19,19,43,62,467,2,1,Yes,No,Yes,No,No,No,No,No,No,No,Yes,No,No,No,No,No,No,No,No,No,No,No,No,No,No,No,No,No,No,No,No,No,No,No,No,No,No,77.0,61,61,68,97.0,100.0,No,No,16291,13114,0.0,0.0,0.0,0.000,0.006,5321,7291,72.1,82.0,87.0,0.694,19.078,19.031,19.125,39.547,18.144,28.409,3.806,32.245,12.000,28.409,9.932,5.881,24.465,40.000,40.000,1095.0,1375.2,967.0,1140.8,1042.0,922.0,1096.0,1374.0,1042.9,100.0,34.0,0.0,1.0,76.5,19.5,97.6,0.0,0.0,0.0,0.0,Yes,Yes,No,No,No,No,No,0,0,0,0,0,0,0,0,0,10,0,0,0,0,0,0,0,0,0,0,0,0,0,0,0,0,0,0,0,0,962,3134,3006,120,16.0,63,0.672,0.560,550.0,1330.0,0.7,0.3,0.0,0.2,0.8,0.0,0.0,0.0,0.0,3.1,502,15713,503,No,No,No,No,No,No,No,No,16.028,31.266,43.9,66.164,24.5,30.9,17.3,17.8,17.0,17.0,17.0,17.0,17.3,17.7,17.0,17.0,17.0,17.0,57.68,58.79,56.50,56.48,58.82,58.82,57.63,0.00,6.18,51.50,0.91,1331,23,5.2,0.2,0,0,0.0,0.0,0,
13.9.2026,21:48:41.508,10875,26676,28.9,9978,22452,30.7,0.0,5120,0,1.309,1.277,1.320,1.300,1.315,1.325,1.312,1.287,1.335,1.031,0.843,4900.5,4888.0,4888.0,4888.0,4888.0,4987.8,4888.0,4888.0,4888.0,99.8,3990.2,99.8,206.0,673.4,202.8,247.6,124.5,122.1,243.4,118.8,190.1,50.2,282.9,69.5,113.0,127.1,129.2,338.7,262.9,206.0,4.5,14.5,2.3,5.8,3.1,3.0,5.6,2.9,4.5,0.0,6.3,2.0,2.8,2.4,3.2,7.5,6.6,14.5,4.5,100.0,8.3,26.7,7.9,10.1,5.0,5.0,9.6,4.7,7.6,2.0,11.0,2.9,4.7,5.1,5.2,13.5,11.5,8.3,49.1,49.0,49.0,49.0,49.0,50.0,49.0,49.0,49.0,40.0,66,71,66,67,65,67,64,67,63,34,29,34,33,35,33,36,33,37,71,71,Yes,Yes,No,No,No,No,No,No,No,No,No,No,No,No,No,No,No,No,No,No,No,No,No,No,No,No,No,Yes,No,No,68,68,63,10.664,17.462,11.522,0.527,1.970,1.270,0.597,85.0,65.0,125.0,98.0,0,38.7,0.0,4.5,14.3,4.3,5.6,2.8,2.7,5.3,2.6,4.2,1.1,5.9,1.6,2.6,2.9,2.9,7.2,6.5,83.9,77.2,80.3,82.1,91.2,92.3,91.4,87.5,69.2,1330.1,13.33,19,19,19,43,62,467,2,1,Yes,No,Yes,No,No,No,No,No,No,No,Yes,No,No,No,No,No,No,No,No,No,No,No,No,No,No,No,No,No,No,No,No,No,No,No,No,No,No,77.0,61,61,68,97.0,100.0,No,No,16291,13114,0.0,0.0,0.0,0.000,0.002,5321,7291,71.8,81.5,87.0,0.669,19.099,19.050,19.148,39.730,18.185,28.604,3.905,32.532,12.000,28.604,10.026,5.738,24.070,40.000,40.000,1087.0,1375.2,967.0,1140.0,1042.0,922.0,1086.7,1374.3,1041.5,100.0,34.0,0.0,1.0,76.5,19.9,99.3,0.0,0.0,0.0,0.0,Yes,Yes,No,No,No,No,No,0,0,0,0,0,0,0,0,0,10,0,0,0,0,0,0,0,0,0,0,0,0,0,0,0,0,0,0,0,0,962,3134,3006,120,16.0,62,0.672,0.527,550.0,1596.0,0.7,0.3,0.0,0.2,0.8,0.0,0.0,0.0,0.0,3.1,502,15713,503,No,No,No,No,No,No,No,No,16.033,31.266,43.9,66.200,24.5,30.9,16.5,17.6,13.8,13.6,13.6,13.6,16.8,17.2,16.5,16.5,16.5,16.5,59.38,61.54,57.48,57.41,61.70,61.70,59.55,0.00,5.78,53.60,2.21,1331,23,2.7,0.2,0,0,0.0,0.0,0,
13.9.2026,21:48:43.504,10876,26675,28.9,9979,22452,30.7,0.0,5120,0,1.282,1.137,1.320,1.257,1.315,1.275,1.312,1.287,1.347,1.031,0.706,4825.7,4489.0,4888.0,4788.3,4888.0,4888.0,4888.0,4888.0,4888.0,99.8,3990.2,99.8,191.2,624.5,81.7,215.0,136.0,109.8,245.4,141.3,164.5,63.6,281.3,75.0,112.1,78.2,126.8,348.6,254.9,191.2,4.5,13.5,4.2,5.0,3.2,2.6,5.5,2.5,3.9,0.0,6.9,2.0,2.5,2.8,3.8,7.4,6.3,13.5,4.5,100.0,7.7,24.9,3.3,8.8,5.4,4.5,9.6,5.6,6.6,2.5,11.0,3.1,4.2,3.2,5.1,13.6,11.2,7.7,48.4,45.0,49.0,48.0,49.0,49.0,49.0,49.0,49.0,40.0,66,66,65,62,64,63,72,64,76,34,34,35,38,36,37,28,36,24,66,76,Yes,No,No,No,No,Yes,No,No,No,No,No,No,No,No,No,No,No,No,No,No,No,No,No,No,No,No,No,Yes,No,No,69,69,63,10.664,17.926,12.031,0.470,1.970,1.273,0.598,85.0,65.0,125.0,98.0,0,42.4,0.0,4.2,13.3,1.7,4.9,3.0,2.4,5.3,3.0,3.7,1.4,5.9,1.7,2.5,1.8,2.8,7.4,6.3,84.7,79.2,81.9,82.6,89.8,92.2,91.0,89.7,71.5,1064.1,10.67,15,15,15,35,62,374,1,2,Yes,No,Yes,No,No,No,No,No,No,No,Yes,No,No,No,No,No,No,No,No,No,No,No,No,No,No,No,No,No,No,No,No,No,No,No,No,No,No,78.0,61,61,68,97.0,100.0,No,No,16291,13114,0.0,0.1,0.1,0.000,0.014,5321,7291,71.4,80.8,87.0,0.675,19.099,19.049,19.148,39.459,19.935,32.089,3.676,35.788,12.000,32.089,9.785,5.220,28.837,40.000,40.000,1185.0,1375.2,1042.0,1103.7,1125.0,997.0,1184.8,1373.4,1124.5,100.0,35.0,0.0,1.0,75.7,19.9,99.5,0.0,0.0,0.0,0.0,Yes,Yes,No,No,No,No,No,0,0,0,0,0,0,0,0,0,10,0,0,0,0,0,0,0,0,0,0,0,0,0,0,0,0,0,0,0,0,995,3101,2974,120,16.0,63,0.672,0.470,550.0,1596.0,0.7,0.3,0.0,0.2,0.9,0.0,0.0,0.0,0.0,3.1,502,15713,503,No,No,No,No,No,No,No,No,16.031,31.266,43.9,66.080,24.5,30.9,16.7,17.1,15.8,15.7,15.7,15.7,16.8,17.0,16.6,16.6,16.6,16.6,59.58,60.23,58.85,58.81,60.23,60.23,59.53,0.00,6.07,53.51,0.60,1331,23,2.8,2.4,0,0,0.0,0.0,0,
13.9.2026,21:48:45.503,10840,26711,28.8,9976,22455,30.7,0.0,5120,0,1.289,1.137,1.317,1.295,1.312,1.322,1.310,1.285,1.332,1.031,0.703,4850.6,4489.0,4888.0,4888.0,4888.0,4987.8,4888.0,4888.0,4888.0,99.8,3990.2,99.8,196.2,671.8,134.5,194.7,155.7,133.5,251.6,92.5,193.6,74.4,279.1,65.8,114.1,97.2,124.4,259.8,297.1,196.2,4.2,13.9,2.6,4.2,2.5,1.2,4.5,1.8,4.0,9.2,4.2,1.4,2.6,1.3,1.0,5.5,6.9,13.9,4.2,100.0,7.9,26.6,5.3,8.0,6.2,5.5,9.9,3.7,7.6,2.9,10.9,2.7,5.2,4.0,5.0,10.7,13.0,7.9,48.6,45.0,49.0,49.0,49.0,50.0,49.0,49.0,49.0,40.0,64,67,62,62,63,64,64,62,64,36,33,38,38,37,36,36,38,36,67,67,Yes,Yes,No,No,No,No,No,No,No,No,No,No,No,No,No,No,No,No,No,No,No,No,No,No,No,No,No,Yes,No,No,76,76,63,13.125,16.880,10.939,0.532,1.970,1.270,0.586,85.0,65.0,125.0,98.0,0,43.4,0.0,4.3,14.2,2.8,4.5,3.4,3.0,5.4,2.0,4.2,1.6,5.8,1.6,2.6,2.2,2.8,5.6,7.2,84.9,79.6,80.5,81.1,91.4,91.8,90.4,89.7,75.0,1330.1,13.33,19,19,19,43,62,467,2,1,Yes,No,Yes,No,No,No,No,No,No,No,Yes,No,No,No,No,No,No,No,No,No,No,No,No,No,No,No,No,No,No,No,No,No,No,No,No,No,No,78.0,61,61,68,97.0,100.0,No,No,16291,13114,0.0,0.1,0.1,0.008,0.125,5321,7292,71.4,81.1,87.0,0.669,19.117,19.069,19.166,39.731,17.032,28.063,3.871,31.949,12.000,28.063,9.995,7.952,14.366,40.000,40.000,1087.0,1375.2,967.0,1110.1,1042.0,922.0,1083.8,1373.7,1039.3,100.0,36.0,0.0,1.0,75.7,20.0,100.0,0.0,0.0,0.0,0.0,Yes,Yes,No,No,No,No,No,0,0,0,0,0,0,0,0,0,10,0,0,0,0,0,0,0,0,0,0,0,0,0,0,0,0,0,0,0,0,995,3101,2974,120,16.0,64,0.672,0.532,550.0,1330.0,0.7,0.3,0.0,0.2,0.8,0.0,0.0,0.0,0.0,3.0,486,15729,486,No,No,No,No,No,No,No,No,16.033,31.760,44.6,66.072,24.5,30.9,16.6,16.9,16.3,16.3,16.3,16.3,16.5,16.6,16.2,16.2,16.2,16.2,60.50,61.67,59.24,59.16,61.70,61.70,60.63,0.00,6.16,54.34,0.54,1331,23,3.2,0.2,0,0,0.0,0.0,0,
13.9.2026,21:48:47.496,10839,26711,28.8,9976,22454,30.7,0.0,5120,0,1.311,1.307,1.317,1.297,1.312,1.320,1.312,1.287,1.335,1.031,0.843,4913.0,4987.8,4888.0,4888.0,4888.0,4987.8,4888.0,4888.0,4888.0,99.8,3990.2,99.8,188.3,581.6,177.4,156.9,144.4,138.0,241.9,77.0,155.7,93.2,258.2,88.4,164.6,67.9,107.6,328.7,231.2,188.3,4.3,12.6,0.0,3.9,3.4,4.7,4.7,2.7,3.7,2.2,7.1,1.5,3.8,2.6,3.4,7.3,5.8,12.6,4.3,100.0,7.6,23.1,6.9,6.6,5.8,5.6,9.5,3.1,6.2,3.7,10.0,3.7,6.7,2.8,4.4,13.3,10.3,7.6,49.2,50.0,49.0,49.0,49.0,50.0,49.0,49.0,49.0,40.0,64,68,62,64,63,62,64,64,63,36,32,38,36,37,38,36,36,37,68,68,No,No,No,No,No,No,No,No,No,No,No,No,No,No,No,No,No,No,No,No,No,No,No,No,No,No,No,No,No,No,67,67,63,19.688,17.388,11.456,0.511,1.969,1.281,0.591,85.0,65.0,125.0,98.0,0,41.2,0.0,4.2,12.5,3.7,3.7,3.2,3.0,5.2,1.7,3.4,1.9,5.4,2.1,3.6,1.6,2.4,7.1,5.7,84.7,80.6,80.1,81.2,93.6,91.9,88.7,91.2,70.3,1330.1,13.33,19,19,19,43,62,467,2,1,Yes,No,Yes,No,No,No,No,Yes,No,No,Yes,No,No,No,No,No,No,No,No,No,No,No,No,No,No,No,No,No,No,No,No,No,No,No,No,No,No,78.0,61,61,68,97.0,100.0,No,No,16291,13114,0.0,0.2,0.2,0.000,0.154,5321,7292,71.4,81.0,87.0,0.675,19.073,19.026,19.120,39.600,18.079,29.455,3.710,33.211,12.000,29.455,9.838,7.596,19.364,40.000,40.000,1155.0,1375.2,1020.0,1103.9,1102.0,975.0,1155.5,1373.9,1101.5,100.0,36.0,0.0,1.0,75.7,19.8,99.2,0.0,0.0,0.0,0.0,Yes,Yes,No,No,No,No,No,0,0,0,0,0,0,0,0,0,10,0,0,0,0,0,0,0,0,0,0,0,0,0,0,0,0,0,0,0,0,994,3102,2974,120,16.0,62,0.672,0.511,550.0,1330.0,0.6,0.3,0.0,0.2,0.8,0.0,0.0,0.0,0.0,3.0,486,15729,486,No,No,No,No,No,No,No,No,16.025,31.760,44.6,66.023,24.5,30.9,16.4,16.8,16.2,16.2,16.2,16.2,16.5,16.7,16.1,16.1,16.1,16.1,60.85,62.02,59.48,59.44,62.06,62.06,60.66,0.00,5.88,54.97,0.91,1331,23,8.3,0.3,0,0,0.0,0.0,0,
13.9.2026,21:48:49.508,10882,26669,28.9,9976,22455,30.7,0.0,5120,0,1.283,1.137,1.317,1.295,1.312,1.275,1.312,1.285,1.332,1.031,0.843,4839.3,4490.1,4889.2,4889.2,4889.2,4889.2,4889.2,4889.2,4889.2,99.8,3991.2,99.8,218.3,898.9,127.0,221.6,150.0,173.0,291.5,130.9,156.0,123.1,235.6,99.7,114.8,91.2,98.0,299.4,281.5,218.3,4.7,18.7,8.7,4.6,2.3,3.5,7.4,2.5,3.1,0.0,4.7,2.0,2.2,1.7,1.9,6.1,6.3,18.7,4.7,100.0,8.7,35.3,5.0,9.1,6.0,7.0,11.5,5.2,6.2,4.8,9.2,4.1,4.8,3.7,3.9,12.0,12.1,8.7,48.5,45.0,49.0,49.0,49.0,49.0,49.0,49.0,49.0,40.0,64,67,63,63,64,63,65,62,62,36,33,37,37,36,37,35,38,38,67,67,Yes,Yes,No,No,No,No,No,No,No,No,No,No,No,No,No,No,No,No,No,No,No,No,No,No,No,No,No,Yes,No,No,94,94,64,27.071,16.967,11.063,0.498,1.970,1.270,0.587,85.0,65.0,125.0,98.0,0,35.7,0.0,4.8,19.1,2.6,5.0,3.4,3.8,6.3,2.8,3.5,2.6,5.0,2.3,2.6,2.1,2.2,6.5,6.8,82.9,74.8,79.3,79.9,91.3,91.6,88.1,94.4,63.5,1330.4,13.33,19,19,19,43,62,467,2,1,Yes,No,Yes,No,No,No,No,No,No,No,Yes,No,No,No,No,No,No,No,No,No,No,No,No,No,No,No,No,No,No,No,No,No,No,No,No,No,No,78.0,61,61,68,97.0,100.0,No,No,16291,13114,0.0,0.0,0.0,0.000,0.036,5321,7292,71.6,80.9,87.0,0.713,19.076,19.029,19.124,39.594,17.251,29.131,3.749,32.912,12.000,29.131,9.873,8.128,13.083,40.000,40.000,1207.0,1375.2,1065.0,1113.1,1147.0,1020.0,1206.4,1373.9,1146.7,100.0,37.0,0.0,1.0,76.5,20.0,100.0,0.0,0.0,0.0,0.0,Yes,Yes,No,No,No,No,No,0,0,0,0,0,0,0,0,0,10,0,0,0,0,0,0,0,0,0,0,0,0,0,0,0,0,0,0,0,0,962,3134,3006,120,16.0,62,0.672,0.498,550.0,1330.0,0.6,0.2,0.0,0.1,0.7,0.0,0.0,0.0,0.0,3.0,486,15729,486,No,No,No,No,No,No,No,No,16.039,31.760,44.6,66.289,24.5,30.9,16.9,17.9,16.4,16.4,16.4,16.4,16.6,16.9,16.3,16.3,16.3,16.3,59.17,60.92,55.96,55.82,60.92,60.92,60.14,0.00,7.09,52.08,2.05,1331,23,1.1,0.2,0,0,0.0,0.0,0,
13.9.2026,21:48:51.498,10882,26668,28.9,9977,22453,30.7,0.0,5120,0,1.205,1.137,1.317,0.655,1.315,1.275,1.312,1.287,1.337,1.031,0.843,4326.9,4489.0,4888.0,798.0,4888.0,4888.0,4888.0,4888.0,4888.0,99.8,3990.2,99.8,216.6,868.2,263.1,215.9,137.3,184.0,306.0,62.5,193.4,218.5,58.2,61.4,133.0,102.3,122.0,278.5,261.3,216.6,4.1,18.2,2.3,4.0,4.4,3.8,5.7,0.0,4.1,2.2,0.4,2.1,2.8,1.4,2.6,5.8,6.1,18.2,4.1,100.0,8.7,34.2,10.3,8.9,5.5,7.4,12.0,2.6,7.6,8.5,2.3,2.6,5.5,4.1,4.8,11.2,11.4,8.7,43.4,45.0,49.0,8.0,49.0,49.0,49.0,49.0,49.0,40.0,65,70,63,65,64,64,64,64,66,35,30,37,35,36,36,36,36,34,70,70,Yes,No,No,No,No,Yes,No,Yes,No,No,No,No,No,No,No,No,No,No,No,No,No,No,No,No,No,No,No,Yes,No,No,71,71,64,17.227,18.508,12.668,0.430,1.971,1.264,0.598,85.0,65.0,125.0,98.0,0,35.9,0.0,4.8,18.4,5.4,5.0,3.1,4.0,6.6,1.5,4.3,4.6,1.4,1.5,3.0,2.4,2.7,6.0,6.4,83.3,73.3,78.8,79.1,92.9,93.1,89.4,93.2,67.1,1330.1,13.33,19,19,19,43,62,467,2,1,Yes,No,Yes,No,No,No,No,No,No,No,Yes,No,No,No,No,No,No,No,No,No,No,No,No,No,No,No,No,No,No,No,No,No,No,No,No,No,No,78.0,61,61,68,97.0,100.0,No,No,16291,13114,0.0,0.0,0.0,0.000,0.002,5321,7292,71.5,81.1,87.0,0.744,19.099,19.051,19.148,39.569,19.105,29.928,3.791,33.739,12.000,29.928,9.905,6.733,26.817,40.000,40.000,1312.0,1375.2,1162.0,1121.3,1252.0,1110.0,1309.2,1373.7,1245.8,100.0,37.0,0.0,1.0,76.7,19.9,99.5,0.0,0.0,0.0,0.0,Yes,Yes,No,No,No,No,No,0,0,0,0,0,0,0,0,0,10,0,0,0,0,0,0,0,0,0,0,0,0,0,0,0,0,0,0,0,0,954,3142,3014,120,16.0,64,0.672,0.430,550.0,1330.0,0.7,0.3,0.0,0.2,0.8,0.0,0.0,0.0,0.0,3.0,486,15729,486,No,No,No,No,No,No,No,No,16.041,31.760,44.6,66.041,24.5,30.9,17.1,17.4,16.7,16.7,16.7,16.7,17.2,17.4,16.9,16.9,16.9,16.9,58.24,59.16,57.48,57.47,59.19,59.19,58.19,0.00,6.95,51.29,0.64,1331,23,1.8,0.2,0,0,0.0,0.0,0,
13.9.2026,21:48:53.503,10884,26667,28.9,9980,22451,30.7,0.0,5120,0,1.219,1.137,1.320,1.297,1.315,1.242,1.275,0.832,1.335,1.031,0.703,4563.8,4489.0,4888.0,4888.0,4888.0,4788.3,4788.3,2892.9,4888.0,99.8,3990.2,99.8,217.1,982.3,175.3,196.3,127.5,158.6,316.9,146.3,157.2,79.1,150.4,99.7,121.9,187.6,118.4,264.6,192.0,217.1,5.0,20.9,5.4,5.4,3.0,2.9,7.0,4.8,2.9,1.9,1.9,1.8,2.2,5.6,3.6,6.0,4.4,20.9,5.0,100.0,8.7,38.6,6.9,8.2,5.1,6.4,12.5,5.8,6.3,3.1,5.9,4.1,5.1,8.4,4.8,10.6,7.6,8.7,45.8,45.0,49.0,49.0,49.0,48.0,48.0,29.0,49.0,40.0,65,70,65,65,65,64,65,64,64,35,30,35,35,35,36,35,36,36,70,70,Yes,Yes,No,No,No,Yes,No,No,No,No,No,No,No,No,No,No,No,No,No,No,No,No,No,No,No,No,No,Yes,No,No,77,77,63,11.485,18.638,12.703,0.477,1.969,1.301,0.614,85.0,65.0,125.0,98.0,0,31.6,0.0,4.8,20.8,3.7,4.6,2.9,3.5,6.8,3.2,3.5,1.7,3.3,2.4,2.8,4.9,2.6,5.9,4.3,82.1,73.1,78.3,81.0,91.7,94.2,86.7,71.5,80.6,1596.1,16.00,22,22,22,52,62,560,1,2,Yes,No,Yes,No,No,No,No,Yes,No,No,Yes,No,No,No,No,No,No,No,No,No,No,No,No,No,No,No,No,No,No,No,No,No,No,No,No,No,No,78.0,61,61,68,97.0,100.0,No,No,16291,13114,0.0,0.0,0.0,0.000,0.008,5321,7292,72.0,81.5,87.0,0.675,19.112,19.063,19.161,39.651,18.794,29.713,3.794,33.531,12.000,29.713,9.918,4.644,27.038,40.000,40.000,1102.0,1375.2,982.0,1130.4,1057.0,937.0,1101.6,1373.7,1056.8,100.0,37.0,0.0,1.0,76.7,20.0,100.0,0.0,0.0,0.0,0.0,Yes,Yes,No,No,No,No,No,0,0,0,0,0,0,0,0,0,10,0,0,0,0,0,0,0,0,0,0,0,0,0,0,0,0,0,0,0,0,954,3142,3014,120,16.0,63,0.672,0.477,550.0,1330.0,0.6,0.3,0.0,0.2,0.8,0.0,0.0,0.0,0.0,3.0,486,15729,486,No,No,No,No,No,No,No,No,16.041,31.760,44.6,66.153,24.5,30.9,17.1,17.6,16.9,16.9,16.9,16.9,17.1,17.5,16.9,16.9,16.9,16.9,58.30,59.04,57.03,56.94,59.08,59.08,58.37,0.00,6.90,51.40,0.67,1331,23,1.0,0.2,0,0,0.0,0.0,0,
13.9.2026,21:48:55.503,10885,26666,28.9,9979,22452,30.7,0.0,5120,0,1.292,1.140,1.317,1.300,1.312,1.322,1.312,1.287,1.340,1.031,0.703,4850.6,4489.0,4888.0,4888.0,4888.0,4987.8,4888.0,4888.0,4888.0,99.8,3990.2,99.8,194.5,932.7,184.7,157.7,133.4,142.5,278.4,111.1,121.2,6.0,125.6,69.9,136.0,184.2,114.6,247.1,167.4,194.5,4.9,19.7,5.3,3.7,3.0,3.9,6.7,0.8,3.5,4.6,5.0,2.5,3.7,4.7,2.6,5.5,3.7,19.7,4.9,100.0,7.8,36.7,7.2,6.6,5.4,5.8,11.0,4.5,4.9,0.3,4.9,2.9,5.6,8.2,4.6,10.0,6.7,7.8,48.6,45.0,49.0,49.0,49.0,50.0,49.0,49.0,49.0,40.0,67,79,63,66,63,64,65,66,69,33,21,37,34,37,36,35,34,31,79,79,Yes,Yes,No,No,No,No,No,No,No,No,No,No,No,No,No,No,No,No,No,No,No,No,No,No,No,No,No,Yes,No,No,72,72,63,1.230,18.687,12.865,0.416,1.970,1.257,0.607,85.0,65.0,125.0,98.0,0,25.7,0.0,4.3,19.8,3.9,3.8,3.0,3.2,6.0,2.4,2.8,0.2,2.8,1.7,3.1,4.9,2.6,5.5,3.7,81.1,73.4,82.0,81.2,92.7,96.1,88.3,50.8,84.1,1330.1,13.33,19,19,19,43,62,467,2,1,Yes,No,Yes,No,No,No,No,Yes,No,No,Yes,No,No,No,No,No,No,No,No,No,No,No,No,No,No,No,No,No,No,No,No,No,No,No,No,No,No,78.0,61,61,68,97.0,100.0,No,No,16291,13114,0.0,0.0,0.0,0.000,0.067,5321,7292,72.1,81.6,87.0,0.688,19.101,19.051,19.150,39.574,18.824,30.774,3.963,34.738,12.000,30.774,10.074,3.984,24.284,40.000,40.000,1162.0,1375.2,1020.0,1126.9,1102.0,975.0,1160.6,1374.1,1102.0,100.0,36.0,0.0,1.0,76.7,19.9,99.7,0.0,0.0,0.0,0.0,Yes,Yes,No,No,No,No,No,0,0,0,0,0,0,0,0,0,10,0,0,0,0,0,0,0,0,0,0,0,0,0,0,0,0,0,0,0,0,954,3142,3014,120,16.0,63,0.672,0.416,550.0,1596.0,0.7,0.3,0.0,0.2,0.8,0.0,0.0,0.0,0.0,3.0,486,15729,486,No,No,No,No,No,No,No,No,16.044,31.760,44.6,66.182,24.5,30.9,17.1,17.5,16.9,16.8,16.8,16.8,17.1,17.4,16.9,16.9,16.9,16.9,58.55,59.28,57.42,57.36,59.30,59.30,58.59,0.00,6.72,51.83,0.58,1331,23,2.8,0.3,0,0,0.0,0.0,0,
13.9.2026,21:48:57.503,10914,26636,29.0,9978,22453,30.7,0.0,5120,0,1.312,1.307,1.317,1.297,1.312,1.322,1.312,1.287,1.335,1.031,0.843,4913.0,4987.8,4888.0,4888.0,4888.0,4987.8,4888.0,4888.0,4888.0,99.8,3990.2,99.8,239.3,1032.5,96.9,263.9,147.7,148.0,371.3,136.4,172.8,212.9,101.0,135.0,159.4,231.3,116.5,347.5,156.4,239.3,4.4,22.1,0.0,5.9,1.7,1.7,7.9,0.6,2.2,3.9,0.7,3.0,3.4,5.6,2.6,7.6,1.8,22.1,4.4,100.0,9.6,40.6,3.8,10.8,6.0,6.1,14.6,5.4,6.9,8.3,4.0,5.5,6.5,10.1,4.7,13.9,6.3,9.6,49.2,50.0,49.0,49.0,49.0,50.0,49.0,49.0,49.0,40.0,64,67,63,64,63,64,64,66,62,36,33,37,36,37,36,36,34,38,67,67,Yes,Yes,No,Yes,No,Yes,No,No,No,No,No,No,No,No,No,No,No,No,No,No,No,No,No,No,No,No,No,Yes,No,No,99,99,66,26.250,17.646,11.988,0.332,1.971,1.207,0.599,85.0,65.0,125.0,98.0,0,29.6,0.0,5.3,22.2,2.0,6.0,3.4,3.3,8.0,3.0,3.9,4.7,2.3,3.1,3.6,5.8,2.7,7.7,3.5,80.4,72.7,76.8,79.2,90.9,92.1,87.4,62.0,82.0,1064.1,10.67,15,15,15,35,62,374,1,2,Yes,No,Yes,No,No,No,No,No,No,No,Yes,No,No,No,No,No,No,No,No,No,No,No,No,No,No,No,No,No,No,No,No,No,No,No,No,No,No,78.0,61,61,68,97.0,100.0,No,No,16291,13114,0.0,0.1,0.1,0.000,0.020,5321,7292,71.6,81.2,87.0,0.694,19.029,18.982,19.077,39.175,18.408,31.275,3.777,35.082,12.000,31.275,9.899,2.278,21.674,40.000,40.000,1177.0,1375.2,1042.0,1123.8,1125.0,997.0,1177.3,1374.4,1125.4,100.0,36.0,0.0,1.0,77.5,19.9,99.3,0.0,0.0,0.0,0.0,Yes,Yes,No,No,No,No,No,0,0,0,0,0,0,0,0,0,10,0,0,0,0,0,0,0,0,0,0,0,0,0,0,0,0,0,0,0,0,920,3176,3049,120,16.0,64,0.672,0.332,550.0,1596.0,0.7,0.3,0.0,0.2,0.8,0.0,0.0,0.0,0.0,3.0,486,15729,486,No,No,No,No,No,No,No,No,16.039,31.760,44.6,66.225,24.5,30.9,17.6,17.9,17.3,17.3,17.3,17.3,17.6,18.0,17.3,17.3,17.3,17.3,56.95,57.87,55.78,55.73,57.88,57.88,56.74,0.00,5.79,51.16,0.86,1331,23,7.8,0.2,0,0,0.0,0.0,0,
13.9.2026,21:48:59.496,10915,26636,29.0,9977,22454,30.7,0.0,5120,0,1.227,1.307,0.637,1.297,1.317,1.322,1.312,1.287,1.335,1.031,0.843,4401.7,4987.8,798.0,4888.0,4888.0,4987.8,4888.0,4888.0,4888.0,99.8,3990.2,99.8,190.2,865.8,188.9,274.5,118.3,118.9,290.9,94.8,110.0,50.8,95.6,70.2,103.1,138.0,130.1,237.0,155.6,190.2,4.2,18.6,2.0,6.6,3.7,3.7,5.8,3.1,2.8,0.0,2.4,2.0,2.7,2.1,1.8,5.6,3.8,18.6,4.2,100.0,7.7,34.1,7.4,11.4,4.8,4.9,11.5,3.8,4.4,2.0,3.8,3.0,4.3,6.0,5.4,9.6,6.2,7.7,44.1,50.0,8.0,49.0,49.0,50.0,49.0,49.0,49.0,40.0,65,69,66,64,66,64,65,64,63,35,31,34,36,34,36,35,36,37,69,69,Yes,Yes,No,No,No,No,No,No,No,No,No,No,No,No,No,No,No,No,No,No,No,No,No,No,No,No,No,Yes,No,No,88,88,64,14.356,19.663,13.879,0.406,1.970,1.235,0.605,85.0,65.0,125.0,98.0,0,26.3,0.0,4.2,18.4,3.9,6.4,2.7,2.6,6.3,2.1,2.5,1.1,2.1,1.7,2.4,3.4,3.1,5.3,3.5,81.4,75.0,66.0,80.3,93.7,95.8,88.6,70.3,81.9,1064.1,10.67,15,15,15,35,62,374,1,2,Yes,No,Yes,No,No,No,No,No,No,No,Yes,No,No,No,No,No,No,No,No,No,No,No,No,No,No,No,No,No,No,No,No,No,No,No,No,No,No,78.0,61,61,68,97.0,100.0,No,No,16291,13114,0.0,0.0,0.0,0.000,0.004,5321,7292,72.0,81.7,87.0,0.669,19.100,19.051,19.150,39.439,19.416,30.670,3.886,34.584,12.000,30.670,10.012,5.243,28.264,40.000,40.000,1087.0,1375.2,967.0,1130.1,1042.0,922.0,1087.6,1373.5,1042.1,100.0,37.0,0.0,1.0,76.7,20.0,99.8,0.0,0.0,0.0,0.0,Yes,Yes,No,No,No,No,No,0,0,0,0,0,0,0,0,0,10,0,0,0,0,0,0,0,0,0,0,0,0,0,0,0,0,0,0,0,0,954,3142,3015,120,16.0,64,0.672,0.406,550.0,1330.0,0.6,0.3,0.0,0.2,0.8,0.0,0.0,0.0,0.0,3.0,486,15729,486,No,No,No,No,No,No,No,No,16.040,31.760,44.6,66.149,24.5,30.9,17.8,18.1,17.5,17.5,17.5,17.5,17.8,18.0,17.3,17.2,17.2,17.2,56.34,58.09,55.47,55.46,58.26,58.26,56.29,0.00,5.69,50.65,0.80,1331,23,2.7,0.2,0,0,0.0,0.0,0,
13.9.2026,21:49:1.505,10881,26670,28.9,9974,22457,30.7,0.0,5120,0,1.292,1.137,1.320,1.300,1.322,1.322,1.312,1.287,1.332,1.031,0.703,4850.6,4489.0,4888.0,4888.0,4888.0,4987.8,4888.0,4888.0,4888.0,99.8,3990.2,99.8,185.7,816.3,169.3,352.6,164.0,105.8,296.1,94.3,186.2,57.9,63.0,49.5,106.7,66.1,84.2,207.0,152.1,185.7,5.2,17.0,7.5,8.0,4.0,2.7,6.7,4.6,5.2,7.3,2.6,0.9,2.0,2.7,3.0,4.3,4.5,17.0,5.2,100.0,7.4,32.1,6.6,14.6,6.5,4.4,11.7,3.8,7.4,2.3,2.5,2.2,4.4,2.7,3.4,8.4,6.1,7.4,48.6,45.0,49.0,49.0,49.0,50.0,49.0,49.0,49.0,40.0,66,68,67,66,73,64,66,64,62,34,32,33,34,27,36,34,36,38,73,73,Yes,Yes,No,No,No,No,No,No,No,No,No,No,No,No,No,No,No,No,No,No,No,No,No,No,No,No,No,Yes,No,No,68,68,64,10.664,17.571,11.849,0.347,1.970,1.243,0.589,85.0,65.0,125.0,98.0,0,8.5,0.0,4.1,17.4,3.6,8.4,3.7,2.4,6.4,2.1,4.1,1.2,1.5,1.3,2.4,1.6,1.9,4.7,3.4,78.8,75.6,19.0,79.9,91.5,96.3,91.2,95.0,81.7,1064.1,10.67,15,15,15,35,62,374,1,2,Yes,No,Yes,No,No,No,No,Yes,No,No,Yes,No,No,No,No,No,No,No,No,No,No,No,No,No,No,No,No,No,No,No,No,No,No,No,No,No,No,78.0,61,61,68,97.0,100.0,No,No,16291,13114,0.0,0.0,0.0,0.000,0.042,5321,7292,71.6,81.1,87.0,0.719,19.085,19.037,19.132,39.829,17.341,28.733,3.922,32.678,12.000,28.733,10.041,8.662,13.962,40.000,40.000,1087.0,1375.2,967.0,1128.8,1042.0,922.0,1087.8,1374.5,1042.7,100.0,37.0,0.0,1.0,76.7,20.0,99.9,0.0,0.0,0.0,0.0,Yes,Yes,No,No,No,No,No,0,0,0,0,0,0,0,0,0,10,0,0,0,0,0,0,0,0,0,0,0,0,0,0,0,0,0,0,0,0,954,3142,3015,120,16.0,63,0.672,0.347,550.0,1330.0,0.6,0.3,0.0,0.1,0.7,0.0,0.0,0.0,0.0,3.0,486,15729,486,No,No,No,No,No,No,No,No,16.046,31.760,44.6,66.206,24.5,30.9,17.8,18.2,17.4,17.4,17.4,17.4,17.9,18.0,17.6,17.5,17.5,17.5,55.97,57.15,55.42,55.41,57.26,57.26,56.05,0.00,5.73,50.23,0.49,1331,23,0.1,0.2,0,0,0.0,0.0,0,
13.9.2026,21:49:3.503,10881,26670,28.9,9976,22455,30.7,0.0,5120,0,1.291,1.140,1.317,1.302,1.317,1.322,1.312,1.287,1.332,1.031,0.843,4850.6,4489.0,4888.0,4888.0,4888.0,4987.8,4888.0,4888.0,4888.0,99.8,3990.2,99.8,183.2,832.1,186.2,208.9,128.9,195.1,302.8,84.4,138.6,56.7,90.8,65.8,111.7,58.8,105.1,206.2,159.7,183.2,3.9,17.6,2.4,5.0,2.9,4.7,6.5,1.9,3.1,0.0,2.0,1.6,2.5,1.4,2.4,4.6,3.5,17.6,3.9,100.0,7.4,32.7,7.3,8.8,5.2,8.4,11.9,3.4,5.5,2.2,3.6,2.8,4.7,2.4,4.2,8.4,6.3,7.4,48.6,45.0,49.0,49.0,49.0,50.0,49.0,49.0,49.0,40.0,67,78,64,71,68,64,65,64,61,33,22,36,29,32,36,35,36,39,78,78,Yes,Yes,No,No,No,No,No,No,No,No,No,No,No,No,No,No,No,No,No,No,No,No,No,No,No,No,No,Yes,No,No,71,71,64,18.047,17.512,12.145,0.144,1.969,1.120,0.584,85.0,65.0,125.0,98.0,0,16.9,0.0,4.1,17.6,3.9,5.1,2.9,4.7,6.5,1.9,3.1,1.2,2.0,1.6,2.6,1.5,2.4,4.7,3.5,80.2,75.7,59.3,49.5,93.0,95.9,89.0,94.0,84.8,1330.1,13.33,19,19,19,43,62,467,2,1,Yes,No,Yes,No,No,No,No,No,No,No,Yes,No,No,No,No,No,No,No,No,No,No,No,No,No,No,No,No,No,No,No,No,No,No,No,No,No,No,79.0,61,61,68,97.0,100.0,No,No,16291,13114,0.0,0.1,0.2,0.008,0.111,5321,7292,71.7,81.3,87.0,0.719,19.076,19.028,19.124,39.493,18.282,30.292,3.882,34.193,12.000,30.292,10.003,4.222,21.375,40.000,40.000,1222.0,1375.2,1087.0,1129.9,1170.0,1035.0,1218.8,1373.8,1167.0,100.0,38.0,0.0,1.0,76.7,20.0,100.0,0.0,0.0,0.0,0.0,Yes,Yes,No,No,No,No,No,0,0,0,0,0,0,0,0,0,10,0,0,0,0,0,0,0,0,0,0,0,0,0,0,0,0,0,0,0,0,954,3142,3015,120,16.0,63,0.672,0.144,550.0,1330.0,0.6,0.2,0.0,0.2,0.8,0.0,0.0,0.0,0.0,3.0,486,15729,486,No,No,No,No,No,No,No,No,16.048,31.760,44.6,66.246,24.5,30.9,17.9,18.2,17.1,17.1,17.0,17.0,17.9,18.1,17.3,17.3,17.2,17.2,55.90,58.02,55.05,55.03,58.21,58.21,55.93,0.00,5.67,50.23,0.79,1331,23,3.8,0.2,0,0,0.0,0.0,0,
13.9.2026,21:49:5.511,10879,26671,28.9,9972,22458,30.7,0.0,5120,0,1.267,1.257,1.280,1.262,1.272,1.245,1.272,1.250,1.292,1.031,0.843,4788.3,4788.3,4788.3,4788.3,4788.3,4788.3,4788.3,4788.3,4788.3,99.8,3990.2,99.8,190.7,1018.6,77.9,172.1,99.2,274.9,324.9,137.9,133.5,73.5,87.9,55.2,84.4,57.8,93.5,231.4,128.6,190.7,4.3,21.7,3.5,3.6,1.8,6.1,6.6,3.3,3.4,9.6,0.8,0.2,0.7,0.2,0.9,4.8,1.7,21.7,4.3,100.0,7.7,40.0,3.1,7.2,4.0,11.7,12.8,5.5,5.4,2.9,3.5,2.4,3.6,2.4,3.8,9.3,5.1,7.7,48.0,48.0,48.0,48.0,48.0,48.0,48.0,48.0,48.0,40.0,70,96,67,71,65,66,64,65,63,30,4,33,29,35,34,36,35,37,96,96,Yes,Yes,No,No,No,No,No,No,No,No,No,No,No,No,No,No,No,No,No,No,No,No,No,No,No,No,No,Yes,No,No,81,81,62,10.664,17.374,11.921,0.197,1.970,1.154,0.584,85.0,65.0,125.0,98.0,0,23.5,0.0,4.2,21.5,1.6,4.1,2.3,6.6,7.0,3.0,3.0,1.6,2.0,1.4,2.0,1.4,2.1,5.2,2.9,81.9,74.1,81.3,41.8,92.5,95.5,90.1,94.5,85.2,1596.1,16.00,22,22,22,52,62,560,1,2,Yes,No,Yes,No,No,No,No,No,No,No,Yes,No,No,No,No,No,No,No,No,No,No,No,No,No,No,No,No,No,No,No,No,No,No,No,No,No,No,78.0,61,61,68,97.0,100.0,No,No,16291,13114,0.0,0.0,0.0,0.000,0.006,5321,7292,72.2,81.8,87.0,0.675,19.073,19.024,19.123,39.546,19.361,29.870,3.919,33.809,12.000,29.870,10.032,6.394,28.996,40.000,40.000,1095.0,1375.2,982.0,1130.6,1057.0,937.0,1091.7,1373.8,1044.7,100.0,37.0,0.0,1.0,76.7,20.0,100.0,0.0,0.0,0.0,0.0,Yes,Yes,No,No,No,No,No,0,0,0,0,0,0,0,0,0,10,0,0,0,0,0,0,0,0,0,0,0,0,0,0,0,0,0,0,0,0,954,3142,3015,120,16.0,63,0.672,0.197,550.0,1330.0,0.6,0.3,0.0,0.2,0.8,0.0,0.0,0.0,0.0,3.0,486,15729,486,No,No,No,No,No,No,No,No,16.043,31.760,44.6,66.161,24.5,30.9,18.4,18.9,18.1,18.1,18.1,18.1,18.5,18.8,18.2,18.2,18.2,18.2,54.37,55.04,53.76,53.74,55.05,55.05,54.22,0.00,5.53,48.84,0.46,1331,23,4.8,0.2,0,0,0.0,0.0,0,
13.9.2026,21:49:7.518,10881,26669,28.9,9977,22453,30.7,0.0,5120,0,1.124,1.170,1.317,1.295,1.312,1.320,0.652,1.285,0.642,1.031,0.843,3840.6,4588.8,4888.0,4888.0,4888.0,4987.8,798.0,4888.0,798.0,99.8,3990.2,99.8,190.2,790.8,102.5,281.7,80.1,237.1,289.9,108.3,174.4,164.3,97.9,71.6,107.5,67.1,70.1,268.0,132.0,190.2,4.8,16.7,0.6,6.3,2.7,6.2,6.3,1.8,3.8,5.0,2.9,3.3,4.0,3.1,3.1,6.7,4.4,16.7,4.8,100.0,7.6,31.2,4.1,11.5,3.3,10.0,11.4,4.6,6.9,6.4,3.9,3.0,4.6,2.7,2.9,10.8,5.3,7.6,38.5,46.0,49.0,49.0,49.0,50.0,8.0,49.0,8.0,40.0,63,67,62,63,63,63,64,62,61,37,33,38,37,37,37,36,38,39,67,67,Yes,Yes,No,No,No,Yes,No,No,No,No,No,No,No,No,No,No,No,No,No,No,No,No,No,No,No,No,No,Yes,No,No,71,71,64,20.098,17.690,12.068,0.300,1.970,1.212,0.590,85.0,65.0,125.0,98.0,0,22.1,0.0,4.2,16.8,2.2,6.3,1.9,5.5,6.3,2.6,3.8,3.5,2.2,1.7,2.6,1.6,1.6,6.0,2.9,81.4,75.2,79.0,51.0,82.9,93.5,88.1,96.0,85.3,1064.1,10.67,15,15,15,35,62,374,1,2,Yes,No,Yes,No,No,No,No,No,No,No,Yes,No,No,No,No,No,No,No,No,No,No,No,No,No,No,No,No,No,No,No,No,No,No,No,No,No,No,78.0,61,61,68,97.0,100.0,No,No,16291,13114,0.0,0.1,0.1,0.000,0.036,5321,7293,72.2,82.0,87.0,0.713,19.109,19.060,19.159,39.622,18.003,30.291,3.831,34.160,12.000,30.291,9.956,5.046,18.451,40.000,40.000,1200.0,1375.2,1065.0,1142.1,1147.0,1020.0,1199.0,1374.7,1145.6,100.0,35.0,0.0,1.0,76.7,19.9,99.3,0.0,0.0,0.0,0.0,Yes,Yes,No,No,No,No,No,0,0,0,0,0,0,0,0,0,10,0,0,0,0,0,0,0,0,0,0,0,0,0,0,0,0,0,0,0,0,953,3143,3015,120,16.0,64,0.675,0.300,550.0,1596.0,0.7,0.3,0.0,0.2,0.8,0.0,0.0,0.0,0.0,3.0,486,15729,486,No,No,No,No,No,No,No,No,16.053,31.760,44.6,66.010,24.5,30.9,18.2,18.5,17.9,17.9,17.9,17.9,18.3,18.7,17.9,17.9,17.9,17.9,54.94,56.01,53.59,53.53,56.06,56.06,54.79,0.00,5.42,49.52,0.69,1331,23,2.7,0.2,0,0,0.0,0.0,0,
13.9.2026,21:49:9.517,10874,26677,28.9,9973,22458,30.7,0.0,5120,0,1.307,1.315,1.317,1.300,1.315,1.275,1.312,1.287,1.335,1.031,0.703,4900.5,4987.8,4888.0,4888.0,4888.0,4888.0,4888.0,4888.0,4888.0,99.8,3990.2,99.8,188.9,760.9,95.1,272.3,147.4,177.4,321.7,67.7,129.6,85.8,46.5,137.7,179.5,100.8,107.0,242.5,150.8,188.9,4.0,15.8,2.4,6.4,2.9,3.5,7.2,1.9,2.5,1.5,1.5,2.8,4.3,2.0,2.0,5.0,2.9,15.8,4.0,100.0,7.6,30.0,3.8,11.1,5.9,7.1,12.6,2.8,5.2,3.4,1.9,5.7,7.9,4.1,4.3,9.8,6.0,7.6,49.1,50.0,49.0,49.0,49.0,49.0,49.0,49.0,49.0,40.0,66,78,63,70,64,64,65,64,64,34,22,37,30,36,36,35,36,36,78,78,Yes,No,No,No,No,No,No,Yes,No,No,No,No,No,No,No,No,No,No,No,No,No,No,No,No,No,No,No,Yes,No,No,72,72,64,12.715,17.758,12.160,0.281,1.970,1.203,0.593,85.0,65.0,125.0,98.0,0,17.5,0.0,4.2,16.2,2.0,6.1,3.3,3.9,6.9,1.6,2.9,1.8,1.1,3.2,4.8,2.4,2.4,5.4,3.3,79.9,78.1,77.8,78.9,92.3,96.3,36.6,94.5,84.8,1064.1,10.67,15,15,15,35,62,374,1,2,Yes,No,Yes,No,No,No,No,No,No,No,Yes,No,No,No,No,No,No,No,No,No,No,No,No,No,No,No,No,No,No,No,No,No,No,No,No,No,No,78.0,61,61,68,97.0,100.0,No,No,16291,13114,0.0,0.1,0.1,0.000,0.010,5321,7293,72.4,82.4,87.0,0.662,19.072,19.022,19.122,39.616,17.623,29.768,3.957,33.750,12.000,29.768,10.078,1.473,20.186,40.000,40.000,1072.0,1375.2,937.0,1124.4,1012.0,900.0,1072.1,1374.0,1011.9,100.0,36.0,0.0,1.0,76.7,20.0,100.0,0.0,0.0,0.0,0.0,Yes,Yes,No,No,No,No,No,0,0,0,0,0,0,0,0,0,10,0,0,0,0,0,0,0,0,0,0,0,0,0,0,0,0,0,0,0,0,953,3143,3015,120,16.0,64,0.672,0.281,550.0,1330.0,0.6,0.2,0.0,0.2,0.8,0.0,0.0,0.0,0.0,3.0,486,15729,486,No,No,No,No,No,No,No,No,16.042,31.760,44.6,66.189,24.5,30.9,18.0,18.3,17.8,17.8,17.8,17.8,18.0,18.3,17.6,17.6,17.6,17.6,55.44,56.52,54.67,54.63,56.57,56.57,55.67,0.00,5.42,50.02,0.60,1331,23,6.4,0.2,0,0,0.0,0.0,0,
13.9.2026,21:49:11.523,10874,26677,28.9,9973,22457,30.7,0.0,5120,0,1.301,1.307,1.317,1.295,1.315,1.242,1.312,1.285,1.335,1.031,0.843,4888.0,4987.8,4888.0,4888.0,4888.0,4788.3,4888.0,4888.0,4888.0,99.8,3990.2,99.8,181.9,770.8,178.7,185.5,160.2,154.9,276.1,99.8,134.0,96.6,39.0,162.5,146.1,66.8,52.9,227.6,158.5,181.9,3.0,16.1,0.4,4.0,3.4,2.5,5.0,0.0,2.0,0.0,0.0,4.1,3.1,0.6,0.3,4.9,1.8,16.1,3.0,100.0,7.3,30.4,7.0,7.7,6.4,6.3,10.9,4.0,5.4,3.8,1.6,7.2,6.1,2.7,2.2,9.2,6.3,7.3,49.0,50.0,49.0,49.0,49.0,48.0,49.0,49.0,49.0,40.0,64,68,63,63,64,63,66,62,62,36,32,37,37,36,37,34,38,38,68,68,Yes,Yes,No,No,No,No,No,No,No,No,No,No,No,No,No,No,No,No,No,No,No,No,No,No,No,No,No,Yes,No,No,79,79,63,19.278,17.407,11.903,0.221,1.970,1.176,0.583,85.0,65.0,125.0,98.0,0,24.3,0.0,4.0,16.3,3.7,4.3,3.6,3.4,5.9,2.2,3.0,2.1,1.0,4.4,3.3,1.6,1.3,5.1,3.5,81.4,77.3,78.0,80.4,92.0,96.2,48.1,94.6,84.7,1596.1,16.00,22,22,22,52,62,560,1,2,Yes,No,Yes,No,No,No,No,No,No,No,Yes,No,No,No,No,No,No,No,No,No,No,No,No,No,No,No,No,No,No,No,No,No,No,No,No,No,No,79.0,62,62,69,97.0,100.0,No,No,16291,13114,0.0,0.0,0.0,0.000,0.002,5321,7293,72.3,81.7,87.0,0.662,19.079,19.032,19.127,39.766,17.453,28.766,3.787,32.573,12.000,28.766,9.905,8.290,15.534,40.000,40.000,1095.0,1375.2,982.0,1120.8,1057.0,937.0,1094.6,1373.8,1054.8,100.0,36.0,0.0,1.0,76.7,19.9,99.6,0.0,0.0,0.0,0.0,Yes,Yes,No,No,No,No,No,0,0,0,0,0,0,0,0,0,10,0,0,0,0,0,0,0,0,0,0,0,0,0,0,0,0,0,0,0,0,953,3143,3015,120,16.0,64,0.672,0.221,550.0,1330.0,0.6,0.3,0.0,0.2,0.8,0.0,0.0,0.0,0.0,3.0,486,15729,486,No,No,No,No,No,No,No,No,16.050,31.760,44.6,66.222,24.5,30.9,18.0,18.4,17.5,17.4,17.4,17.4,17.9,18.2,17.7,17.7,17.6,17.6,55.71,56.45,54.94,54.94,56.48,56.48,55.73,0.00,5.46,50.25,0.63,1331,23,2.7,0.2,0,0,0.0,0.0,0,
13.9.2026,21:49:13.511,10906,26644,29.0,9974,22456,30.7,0.0,5120,0,1.278,1.140,1.282,1.302,1.317,1.277,1.315,1.252,1.335,1.031,0.843,4813.2,4489.0,4788.3,4888.0,4888.0,4888.0,4888.0,4788.3,4888.0,99.8,3990.2,99.8,189.5,819.2,204.7,178.0,141.1,140.5,259.6,111.6,118.5,92.9,44.7,167.1,188.5,116.4,88.6,217.8,143.3,189.5,4.7,17.2,7.8,4.0,3.1,3.8,6.2,4.6,3.4,3.4,1.0,4.3,4.1,1.8,2.7,4.8,3.9,17.2,4.7,100.0,7.6,32.3,8.0,7.4,5.7,5.7,10.2,4.5,4.8,3.6,1.8,7.6,7.7,4.6,3.6,8.8,5.7,7.6,48.2,45.0,48.0,49.0,49.0,49.0,49.0,48.0,49.0,40.0,68,76,68,70,69,65,70,66,63,32,24,32,30,31,35,30,34,37,76,76,Yes,Yes,No,No,No,No,No,No,No,No,No,No,No,No,No,No,No,No,No,No,No,No,No,No,No,No,No,Yes,No,No,78,78,64,22.969,17.165,11.563,0.303,1.969,1.196,0.582,85.0,65.0,125.0,98.0,0,34.1,0.0,4.2,17.3,4.2,4.2,3.2,3.2,5.6,2.4,2.7,2.0,1.1,4.5,4.2,2.6,2.0,4.9,3.2,82.9,75.4,79.4,80.3,91.7,96.0,60.6,94.1,85.7,1596.1,16.00,22,22,22,52,62,560,1,2,Yes,No,Yes,No,No,No,No,No,No,No,Yes,No,No,No,No,No,No,No,No,No,No,No,No,No,No,No,Yes,No,No,No,No,No,No,No,Yes,No,No,79.0,62,62,69,97.0,100.0,No,No,16291,13114,0.0,0.0,0.0,0.000,0.006,5321,7293,72.3,82.1,87.0,0.662,19.106,19.057,19.156,39.428,17.166,30.053,4.021,34.097,12.000,30.053,10.140,2.035,14.930,40.000,40.000,1057.0,1375.2,937.0,1115.9,1012.0,900.0,1057.9,1373.5,1012.0,100.0,36.0,0.0,1.0,76.7,20.0,100.0,0.0,0.0,0.0,0.0,Yes,Yes,No,No,No,No,No,0,0,0,0,0,0,0,0,0,10,0,0,0,0,0,0,0,0,0,0,0,0,0,0,0,0,0,0,0,0,954,3142,3015,120,16.0,64,0.672,0.303,550.0,1596.0,0.6,0.2,0.0,0.2,0.8,0.0,0.0,0.0,0.0,3.0,486,15729,486,No,No,No,No,No,No,No,No,16.053,32.285,45.3,66.251,24.5,30.9,19.8,21.7,18.2,18.2,18.1,18.1,19.2,20.6,18.5,18.5,18.5,18.5,50.94,54.16,45.17,44.73,54.18,54.18,52.15,0.00,5.58,45.35,1.86,1331,23,2.7,0.2,0,0,0.0,0.0,0,
13.9.2026,21:49:15.524,10906,26645,29.0,9973,22458,30.7,0.0,5120,0,1.306,1.307,1.315,1.295,1.312,1.320,1.275,1.285,1.335,1.031,0.843,4900.5,4987.8,4888.0,4888.0,4888.0,4987.8,4788.3,4888.0,4888.0,99.8,3990.2,99.8,184.3,741.5,170.0,179.5,105.9,136.5,281.6,74.9,149.5,135.4,88.0,132.4,206.9,87.3,63.1,260.8,136.3,184.3,3.8,15.7,2.1,4.2,1.7,1.5,4.6,1.7,3.4,2.9,2.0,3.2,5.0,2.8,0.8,5.8,3.1,15.7,3.8,100.0,7.4,29.3,6.6,7.5,4.3,5.6,11.0,3.0,6.0,5.3,3.5,5.7,8.9,3.5,2.6,10.4,5.4,7.4,49.1,50.0,49.0,49.0,49.0,50.0,48.0,49.0,49.0,40.0,63,67,62,63,63,63,65,62,62,37,33,38,37,37,37,35,38,38,67,67,Yes,Yes,No,No,No,Yes,No,No,No,No,No,No,No,No,No,No,No,No,No,No,No,No,No,No,No,No,No,Yes,No,No,69,69,64,10.664,17.224,11.447,0.406,1.971,1.240,0.591,85.0,65.0,125.0,98.0,0,33.5,0.0,4.1,15.7,3.5,4.2,2.4,3.0,6.1,1.7,3.3,2.8,2.0,3.2,5.0,2.0,1.5,5.8,3.0,83.2,77.0,81.8,80.4,91.6,94.5,59.3,95.8,85.2,1330.1,13.33,19,19,19,43,62,467,2,1,Yes,No,Yes,No,No,No,No,Yes,No,No,Yes,No,No,No,No,No,No,No,No,No,No,No,No,No,No,No,No,No,No,No,No,No,No,No,No,No,No,80.0,62,62,69,97.0,100.0,No,No,16291,13114,0.0,0.0,0.0,0.000,0.002,5321,7293,71.8,81.5,87.0,0.694,19.121,19.073,19.170,39.867,18.296,28.840,3.853,32.723,12.000,28.840,9.978,5.433,24.702,40.000,40.000,1185.0,1375.2,1042.0,1160.2,1125.0,997.0,1185.3,1374.1,1124.7,100.0,33.0,0.0,1.0,77.5,19.8,99.0,0.0,0.0,0.0,0.0,Yes,Yes,No,No,No,No,No,0,0,0,0,0,0,0,0,0,10,0,0,0,0,0,0,0,0,0,0,0,0,0,0,0,0,0,0,0,0,921,3175,3047,120,16.0,63,0.672,0.406,550.0,1596.0,0.6,0.3,0.0,0.2,0.8,0.0,0.0,0.0,0.0,3.0,486,15729,486,No,No,No,No,No,No,No,No,16.061,32.285,45.3,66.300,24.5,30.9,18.4,18.8,18.0,18.0,18.0,18.0,18.3,18.9,17.8,17.8,17.8,17.8,54.51,55.52,52.80,52.78,55.55,55.55,54.67,0.00,5.81,48.70,0.80,1331,23,0.3,0.2,0,0,0.0,0.0,0,
13.9.2026,21:49:17.513,10906,26645,29.0,9973,22458,30.7,0.0,5120,0,1.290,1.137,1.317,1.297,1.315,1.320,1.312,1.287,1.335,1.031,0.843,4850.6,4489.0,4888.0,4888.0,4888.0,4987.8,4888.0,4888.0,4888.0,99.8,3990.2,99.8,195.2,794.9,307.7,187.0,138.3,117.3,292.5,101.2,130.5,69.9,43.7,158.6,207.2,89.9,88.4,243.0,152.8,195.2,4.8,17.1,8.1,3.7,4.1,4.3,7.2,2.4,3.2,0.0,2.8,3.7,5.4,2.3,3.0,4.8,4.3,17.1,4.8,100.0,7.8,31.4,12.0,7.8,5.6,4.8,11.5,4.1,5.2,2.7,1.7,6.5,9.2,3.6,3.6,9.8,6.1,7.8,48.6,45.0,49.0,49.0,49.0,50.0,49.0,49.0,49.0,40.0,65,70,62,65,65,63,66,64,63,35,30,38,35,35,37,34,36,37,70,70,Yes,Yes,No,No,No,No,No,No,No,No,No,No,No,No,No,No,No,No,No,No,No,No,No,No,No,No,No,Yes,No,No,76,76,64,21.328,16.983,11.219,0.400,1.969,1.240,0.583,85.0,65.0,125.0,98.0,0,33.0,0.0,4.3,16.9,6.5,4.3,3.1,2.7,6.3,2.2,3.0,1.5,1.1,3.5,5.3,2.1,2.0,5.4,3.4,82.9,74.4,79.4,80.6,92.7,96.6,58.5,95.4,85.7,1330.1,13.33,19,19,19,43,62,467,2,1,Yes,No,Yes,No,No,No,No,No,No,No,Yes,No,No,No,No,No,No,No,No,No,No,No,No,No,No,No,No,No,No,No,No,No,No,No,No,No,No,79.0,62,62,69,97.0,100.0,No,No,16291,13114,0.0,0.0,0.0,0.000,0.022,5321,7293,72.1,81.5,87.0,0.675,19.060,19.012,19.107,39.802,17.808,30.586,3.859,34.470,12.000,30.586,9.973,4.389,16.600,40.000,40.000,1125.0,1375.2,982.0,1163.2,1057.0,937.0,1123.5,1373.9,1056.6,100.0,35.0,0.0,1.0,77.5,19.6,98.1,0.0,0.0,0.0,0.0,Yes,Yes,No,No,No,No,No,0,0,0,0,0,0,0,0,0,10,0,0,0,0,0,0,0,0,0,0,0,0,0,0,0,0,0,0,0,0,921,3175,3047,120,16.0,63,0.672,0.400,550.0,1330.0,0.7,0.3,0.0,0.2,0.8,0.0,0.0,0.0,0.0,3.0,486,15729,486,No,No,No,No,No,No,No,No,16.062,32.285,45.3,66.288,24.5,30.9,18.0,18.4,17.7,17.7,17.7,17.7,17.9,18.3,17.6,17.6,17.6,17.6,55.68,56.61,54.62,54.58,56.62,56.62,55.82,0.00,5.74,49.94,0.57,1331,23,4.3,0.2,0,0,0.0,0.0,0,
13.9.2026,21:49:19.525,10907,26643,29.0,9975,22456,30.7,0.0,5120,0,1.293,1.170,1.317,1.295,1.312,1.320,1.312,1.287,1.332,1.031,0.843,4863.1,4588.8,4888.0,4888.0,4888.0,4987.8,4888.0,4888.0,4888.0,99.8,3990.2,99.8,187.7,553.8,344.7,253.9,103.6,155.9,257.6,72.1,161.4,135.4,96.4,170.3,175.3,95.5,69.0,233.2,124.3,187.7,4.3,11.5,4.5,6.0,1.2,3.0,5.1,1.2,3.2,13.9,1.8,3.6,3.7,2.5,0.0,5.5,2.4,13.9,4.3,100.0,7.6,22.0,13.4,10.4,4.2,6.3,10.2,2.9,6.5,5.3,3.8,7.2,7.6,3.8,2.8,9.4,5.0,7.6,48.8,46.0,49.0,49.0,49.0,50.0,49.0,49.0,49.0,40.0,63,67,62,63,63,63,64,64,61,37,33,38,37,37,37,36,36,39,67,67,Yes,No,No,No,No,Yes,No,No,No,No,No,No,No,No,No,No,No,No,No,No,No,No,No,No,No,No,No,Yes,No,No,68,68,64,10.664,17.202,11.445,0.367,1.970,1.256,0.591,85.0,65.0,125.0,98.0,0,30.7,0.0,4.2,11.9,7.1,5.7,2.4,3.4,5.6,1.6,3.6,2.8,2.2,4.0,4.3,2.2,1.6,5.2,2.8,82.5,77.6,79.9,81.0,89.2,94.2,59.6,95.0,83.5,1330.1,13.33,19,19,19,43,62,467,2,1,Yes,No,Yes,No,No,No,No,No,No,No,Yes,No,No,No,No,No,No,No,No,No,No,No,No,No,No,No,No,No,No,No,No,No,No,No,No,No,No,79.0,62,62,69,97.0,100.0,No,No,16291,13114,0.0,0.0,0.0,0.000,0.012,5321,7293,72.2,81.8,87.0,0.694,19.074,19.025,19.123,39.553,19.481,31.175,3.919,35.109,12.000,31.175,10.034,4.221,28.215,40.000,40.000,1117.0,1375.2,982.0,1161.5,1057.0,937.0,1116.1,1374.3,1057.3,100.0,34.0,0.0,1.0,77.5,20.0,100.0,0.0,0.0,0.0,0.0,Yes,Yes,No,No,No,No,No,0,0,0,0,0,0,0,0,0,10,0,0,0,0,0,0,0,0,0,0,0,0,0,0,0,0,0,0,0,0,921,3175,3047,120,16.0,64,0.672,0.367,550.0,1330.0,0.6,0.2,0.0,0.1,0.7,0.0,0.0,0.0,0.0,3.0,487,15728,486,No,No,No,No,No,No,No,No,16.067,32.285,45.3,66.309,24.5,30.9,17.7,18.1,17.3,17.3,17.3,17.3,17.7,17.9,17.3,17.3,17.3,17.3,56.41,57.68,55.08,54.99,57.70,57.70,56.46,0.00,5.87,50.55,0.76,1331,23,7.1,0.2,0,0,0.0,0.0,0,
13.9.2026,21:49:21.533,10939,26611,29.1,9973,22457,30.7,0.0,5120,0,1.303,1.240,1.317,1.297,1.315,1.320,1.312,1.287,1.335,1.031,0.676,4888.0,4788.3,4888.0,4888.0,4888.0,4987.8,4888.0,4888.0,4888.0,99.8,3990.2,99.8,196.5,635.8,337.3,232.2,118.4,150.7,320.5,65.5,201.4,185.3,63.5,140.8,179.1,64.5,79.3,218.3,151.9,196.5,4.2,14.0,6.1,5.8,3.2,3.1,8.1,1.2,4.2,0.0,0.4,3.7,5.1,1.3,3.1,5.4,3.1,14.0,4.2,100.0,7.9,25.2,13.1,9.5,4.8,6.1,12.6,2.7,8.0,7.2,2.5,5.8,8.0,2.6,3.2,8.8,6.1,7.9,49.0,48.0,49.0,49.0,49.0,50.0,49.0,49.0,49.0,40.0,65,68,63,64,65,63,66,65,65,35,32,37,36,35,37,34,35,35,68,68,Yes,Yes,No,No,No,No,No,No,No,No,No,No,No,No,No,No,No,No,No,No,No,No,No,No,No,No,No,Yes,No,No,86,86,64,10.664,17.213,11.479,0.373,1.971,1.230,0.585,85.0,65.0,125.0,98.0,0,22.8,0.0,4.3,13.6,7.0,5.3,2.7,3.3,6.8,1.5,4.4,3.9,1.4,3.1,4.8,1.6,1.8,4.9,3.4,80.8,76.6,78.6,79.2,92.6,93.9,48.4,94.7,82.8,1064.1,10.67,15,15,15,35,62,374,1,2,Yes,No,Yes,No,No,No,No,No,No,No,Yes,No,No,No,No,No,No,No,No,No,No,No,No,No,No,No,No,No,No,No,No,No,No,No,No,No,No,79.0,62,62,69,97.0,100.0,No,No,16291,13114,0.0,0.0,0.0,0.000,0.004,5321,7293,72.6,82.2,87.0,0.688,19.093,19.046,19.141,39.938,17.421,29.104,4.019,33.153,12.000,29.104,10.143,2.602,19.241,40.000,40.000,1155.0,1375.2,1020.0,1156.6,1102.0,975.0,1153.8,1374.7,1100.6,100.0,34.0,0.0,1.0,78.3,19.8,98.8,0.0,0.0,0.0,0.0,Yes,Yes,No,No,No,No,No,0,0,0,0,0,0,0,0,0,10,0,0,0,0,0,0,0,0,0,0,0,0,0,0,0,0,0,0,0,0,889,3207,3079,120,16.0,63,0.672,0.373,550.0,1596.0,0.7,0.3,0.0,0.2,0.8,0.0,0.0,0.0,0.0,3.0,486,15729,486,No,No,No,No,No,No,No,No,16.066,32.285,45.3,66.288,24.5,30.9,14.7,15.8,12.0,11.9,11.9,11.9,15.0,15.7,13.7,13.6,13.5,13.5,66.36,73.24,63.74,63.66,73.84,73.84,66.62,0.00,7.65,58.70,2.64,1331,23,2.8,0.2,0,0,0.0,0.0,0,
13.9.2026,21:49:23.533,10943,26608,29.1,9973,22457,30.7,0.0,5120,0,1.291,1.137,1.317,1.297,1.315,1.322,1.312,1.287,1.335,1.031,0.843,4850.6,4489.0,4888.0,4888.0,4888.0,4987.8,4888.0,4888.0,4888.0,99.8,3990.2,99.8,195.9,640.1,323.8,218.2,109.3,139.6,320.6,109.9,85.9,144.5,55.2,151.1,219.9,77.1,80.9,279.4,179.5,195.9,5.0,13.5,8.0,3.3,3.1,3.7,5.2,3.0,2.6,13.7,0.0,3.2,5.3,2.4,2.5,6.0,3.8,13.7,5.0,100.0,7.9,25.4,12.6,9.0,4.5,5.7,12.6,4.4,3.5,5.6,2.2,6.2,9.6,3.1,3.3,11.2,7.2,7.9,48.6,45.0,49.0,49.0,49.0,50.0,49.0,49.0,49.0,40.0,65,68,63,64,65,64,67,64,64,35,32,37,36,35,36,33,36,36,68,68,Yes,Yes,No,No,No,No,No,No,No,No,No,No,No,No,No,No,No,No,No,No,No,No,No,No,No,No,No,Yes,No,No,68,68,64,22.969,17.936,12.314,0.286,1.970,1.215,0.593,85.0,65.0,125.0,98.0,0,25.6,0.0,4.3,13.7,6.7,5.0,2.5,3.1,6.8,2.4,2.0,3.1,1.2,3.4,5.6,1.8,1.9,6.2,4.0,80.5,76.8,78.7,79.9,93.2,94.9,46.7,93.8,80.5,1064.1,10.67,15,15,15,35,62,374,1,2,Yes,No,Yes,No,No,No,No,No,No,No,Yes,No,No,No,No,No,No,No,No,No,No,No,No,No,No,No,No,No,No,No,No,No,No,No,No,No,No,79.0,62,62,69,97.0,100.0,No,No,16291,13114,0.0,0.0,0.1,0.002,0.038,5321,7293,72.4,82.1,87.0,0.669,19.126,19.076,19.176,39.788,17.800,29.506,3.987,33.520,12.000,29.506,10.111,2.652,21.122,40.000,40.000,1095.0,1375.2,967.0,1153.5,1042.0,922.0,1095.0,1374.4,1042.5,100.0,36.0,0.0,1.0,78.3,20.0,99.8,0.0,0.0,0.0,0.0,Yes,Yes,No,No,No,No,No,0,0,0,0,0,0,0,0,0,10,0,0,0,0,0,0,0,0,0,0,0,0,0,0,0,0,0,0,0,0,889,3207,3079,120,16.0,64,0.672,0.286,550.0,1330.0,0.6,0.3,0.0,0.2,0.8,0.0,0.0,0.0,0.0,3.0,486,15729,486,No,No,No,No,No,No,No,No,16.065,32.285,45.3,66.140,24.5,30.9,15.2,15.6,14.9,14.9,14.9,14.9,15.1,15.4,14.9,14.9,14.9,14.9,65.93,67.20,64.57,64.52,67.24,67.24,66.01,0.00,7.17,58.75,1.14,1331,23,0.2,0.2,0,0,0.0,0.0,0,
13.9.2026,21:49:25.548,10943,26608,29.1,9972,22458,30.7,0.0,5120,0,1.282,1.137,1.322,1.302,1.275,1.277,1.315,1.287,1.340,1.031,0.843,4825.7,4489.0,4888.0,4888.0,4788.3,4888.0,4888.0,4888.0,4888.0,99.8,3990.2,99.8,188.0,608.8,243.6,188.9,120.0,133.2,279.7,112.1,105.1,129.9,151.6,162.9,188.3,65.5,98.5,268.7,150.6,188.0,4.4,12.8,6.3,5.6,2.5,2.7,7.3,2.3,2.2,0.0,6.7,4.0,3.9,1.4,2.8,5.7,3.9,12.8,4.4,100.0,7.6,24.2,9.5,7.9,4.8,5.4,11.0,4.5,4.2,5.1,5.9,7.4,7.7,2.7,3.9,10.8,6.0,7.6,48.4,45.0,49.0,49.0,48.0,49.0,49.0,49.0,49.0,40.0,68,73,69,72,67,65,68,66,68,32,27,31,28,33,35,32,34,32,73,73,Yes,No,No,No,No,Yes,No,No,No,No,No,No,No,No,No,No,No,No,No,No,No,No,No,No,No,No,No,Yes,No,No,71,71,63,10.254,17.909,12.225,0.349,1.969,1.222,0.594,85.0,65.0,125.0,98.0,0,30.7,0.0,4.2,13.0,5.0,4.4,2.7,2.9,6.0,2.4,2.4,2.7,3.3,4.3,4.2,1.6,2.2,5.9,3.4,82.7,78.3,81.0,80.8,93.7,93.9,57.2,93.3,83.3,1330.1,13.33,19,19,19,43,62,467,2,1,Yes,No,Yes,No,No,No,No,No,No,No,Yes,No,No,No,No,No,No,No,No,No,No,No,No,No,No,No,No,No,No,No,No,No,No,No,No,No,No,79.0,62,62,69,97.0,100.0,No,No,16291,13114,0.0,0.0,0.0,0.000,0.002,5321,7293,72.1,81.8,87.0,0.675,19.129,19.081,19.178,39.633,16.516,27.623,3.988,31.643,12.000,27.623,10.114,2.644,16.494,40.000,40.000,1095.0,1375.2,982.0,1145.8,1057.0,937.0,1094.8,1374.4,1058.2,100.0,36.0,0.0,1.0,78.3,19.9,99.4,0.0,0.0,0.0,0.0,Yes,Yes,No,No,No,No,No,0,0,0,0,0,0,0,0,0,10,0,0,0,0,0,0,0,0,0,0,0,0,0,0,0,0,0,0,0,0,889,3207,3079,120,16.0,64,0.672,0.349,550.0,1330.0,0.6,0.3,0.0,0.2,0.8,0.0,0.0,0.0,0.0,3.0,486,15729,486,No,No,No,No,No,No,No,No,16.066,32.285,45.3,66.272,24.5,30.9,14.6,14.9,14.3,14.3,14.3,14.3,14.6,14.9,14.4,14.4,14.4,14.4,68.37,69.57,67.10,67.04,69.65,69.65,68.41,0.00,6.57,61.80,0.85,1331,23,6.4,0.2,0,0,0.0,0.0,0,
13.9.2026,21:49:27.553,10943,26607,29.1,9974,22457,30.7,0.0,5120,0,1.307,1.275,1.317,1.295,1.312,1.322,1.312,1.287,1.332,1.031,0.843,4900.5,4888.0,4888.0,4888.0,4888.0,4987.8,4888.0,4888.0,4888.0,99.8,3990.2,99.8,177.5,570.0,306.5,240.8,86.4,102.2,251.9,79.4,143.0,83.4,83.6,161.8,201.3,76.6,71.8,282.7,98.2,177.5,3.2,12.5,0.0,5.7,0.7,2.6,5.8,0.0,1.2,0.0,2.9,4.2,5.0,2.1,0.4,5.8,2.6,12.5,3.2,100.0,7.2,22.7,11.9,9.9,3.5,4.2,10.0,3.2,5.7,3.3,3.3,6.9,8.7,3.1,2.9,11.3,4.0,7.2,49.1,49.0,49.0,49.0,49.0,50.0,49.0,49.0,49.0,40.0,64,68,62,63,63,64,64,64,62,36,32,38,37,37,36,36,36,38,68,68,Yes,Yes,No,No,No,No,No,No,No,No,No,No,No,No,No,No,No,No,No,No,No,No,No,No,No,No,No,Yes,No,No,68,68,64,10.254,17.403,11.661,0.394,1.970,1.223,0.587,85.0,65.0,125.0,98.0,0,31.5,0.0,4.0,12.3,6.3,5.5,2.0,2.3,5.5,1.8,3.2,1.8,1.9,3.9,4.9,1.8,1.7,6.2,2.3,82.6,77.7,80.2,82.1,92.9,95.6,57.0,94.3,81.1,1330.1,13.33,19,19,19,43,62,467,2,1,Yes,No,Yes,No,No,No,No,Yes,No,No,Yes,No,No,No,No,No,No,No,No,No,No,No,No,No,No,No,No,No,No,No,No,No,No,No,No,No,No,79.0,62,62,69,97.0,100.0,No,No,16291,13114,0.0,0.0,0.0,0.000,0.061,5321,7293,72.4,81.7,87.0,0.719,19.088,19.040,19.135,39.710,17.572,28.513,4.036,32.569,12.000,28.513,10.153,9.794,14.999,40.000,40.000,1192.0,1375.2,1042.0,1154.8,1125.0,997.0,1192.2,1374.3,1125.1,100.0,34.0,0.0,1.0,78.3,19.8,98.8,0.0,0.0,0.0,0.0,Yes,Yes,No,No,No,No,No,0,0,0,0,0,0,0,0,0,10,0,0,0,0,0,0,0,0,0,0,0,0,0,0,0,0,0,0,0,0,889,3207,3079,120,16.0,64,0.672,0.394,550.0,1330.0,0.7,0.3,0.0,0.2,0.8,0.0,0.0,0.0,0.0,3.0,486,15729,486,No,No,No,No,No,No,No,No,16.072,32.285,45.3,66.313,24.5,30.9,14.5,14.9,14.3,14.3,14.3,14.3,14.5,14.8,14.2,14.2,14.2,14.2,68.80,70.25,67.72,67.68,70.36,70.36,68.88,0.00,6.97,61.83,0.98,1331,23,2.8,0.2,0,0,0.0,0.0,0,
13.9.2026,21:49:29.550,10941,26610,29.1,9972,22458,30.7,0.0,5120,0,1.226,1.280,1.317,1.300,1.312,1.320,0.652,1.287,1.337,1.031,0.843,4389.3,4888.0,4888.0,4888.0,4888.0,4987.8,798.0,4888.0,4888.0,99.8,3990.2,99.8,184.2,605.9,295.7,222.1,122.7,116.3,254.1,114.5,94.6,104.0,56.6,191.8,215.7,74.7,84.2,226.2,168.3,184.2,4.7,12.7,11.4,4.8,4.0,1.5,5.2,4.4,3.4,7.0,0.2,4.7,4.4,0.7,2.4,5.5,3.4,12.7,4.7,100.0,7.4,24.0,11.5,9.2,4.9,4.7,10.1,4.6,3.8,4.1,2.2,8.4,8.7,3.0,3.4,9.1,6.7,7.4,44.0,49.0,49.0,49.0,49.0,50.0,8.0,49.0,49.0,40.0,65,73,63,66,63,63,66,64,64,35,27,37,34,37,37,34,36,36,73,73,Yes,Yes,No,No,No,No,No,No,No,No,No,No,No,No,No,No,No,No,No,No,No,No,No,No,No,No,No,Yes,No,No,89,89,64,20.918,16.771,11.019,0.421,1.970,1.215,0.570,85.0,65.0,125.0,98.0,0,20.8,0.0,4.1,13.0,6.1,5.1,2.7,2.6,5.5,2.5,2.2,2.2,1.3,5.0,4.7,1.7,1.9,5.0,3.7,81.6,78.1,79.6,82.2,94.0,95.7,42.2,94.4,86.6,1064.1,10.67,15,15,15,35,62,374,1,2,Yes,No,Yes,No,No,No,No,No,No,No,Yes,No,No,No,No,No,No,No,No,No,No,No,No,No,No,No,No,No,No,No,No,No,No,No,No,No,No,79.0,62,62,69,97.0,100.0,No,No,16291,13114,0.0,0.1,0.1,0.000,0.047,5321,7293,72.7,82.1,87.0,0.725,19.092,19.044,19.141,39.679,17.150,27.917,3.942,31.888,12.000,27.917,10.059,9.673,13.806,40.000,40.000,1260.0,1375.2,1102.0,1166.6,1192.0,1057.0,1256.6,1372.9,1190.8,100.0,33.0,0.0,1.0,78.3,19.9,99.5,0.0,0.0,0.0,0.0,Yes,Yes,No,No,No,No,No,0,0,0,0,0,0,0,0,0,10,0,0,0,0,0,0,0,0,0,0,0,0,0,0,0,0,0,0,0,0,889,3207,3079,120,16.0,64,0.660,0.421,500.0,1330.0,0.6,0.2,0.0,0.1,0.7,0.0,0.0,0.0,0.0,3.0,486,15729,486,No,No,No,No,No,No,No,No,16.075,32.285,45.3,66.454,24.5,30.9,14.2,14.8,13.9,13.9,13.9,13.9,14.0,14.2,13.9,13.9,13.9,13.9,70.27,71.78,67.70,67.70,71.80,71.80,71.18,0.00,6.27,64.00,1.15,1331,23,2.7,0.2,0,0,0.0,0.0,0,
13.9.2026,21:49:31.557,10941,26610,29.1,9973,22458,30.7,0.0,5120,0,1.290,1.137,1.320,1.295,1.317,1.320,1.312,1.287,1.332,1.031,0.843,4850.6,4489.0,4888.0,4888.0,4888.0,4987.8,4888.0,4888.0,4888.0,99.8,3990.2,99.8,169.0,486.4,317.0,356.7,116.1,100.5,198.1,105.1,145.7,104.3,32.4,133.3,147.1,50.3,69.9,228.4,112.4,169.0,3.5,10.1,8.3,7.7,2.4,1.1,3.2,1.1,2.8,4.1,0.4,2.8,3.0,0.9,1.3,4.7,1.4,10.1,3.5,100.0,6.8,19.4,12.4,14.5,4.8,4.2,7.9,4.2,5.8,4.1,1.3,5.6,6.2,2.1,2.8,9.2,4.6,6.8,48.6,45.0,49.0,49.0,49.0,50.0,49.0,49.0,49.0,40.0,65,66,66,63,66,63,67,64,65,35,34,34,37,34,37,33,36,35,67,67,Yes,Yes,No,No,No,No,No,No,No,No,No,No,No,No,No,No,No,No,No,No,No,No,No,No,No,No,No,Yes,No,No,67,67,64,10.254,16.945,11.415,0.280,1.970,1.159,0.572,85.0,65.0,125.0,98.0,0,15.2,0.0,3.8,10.5,6.5,8.1,2.7,2.3,4.3,2.3,3.2,2.2,0.8,3.2,3.4,1.2,1.6,5.1,2.6,79.8,77.3,45.4,80.8,91.8,95.3,69.4,95.4,82.7,1064.1,10.67,15,15,15,35,62,374,1,2,Yes,No,Yes,No,No,No,No,No,No,No,Yes,No,No,No,No,No,No,No,No,No,No,No,No,No,No,No,Yes,No,No,No,No,No,No,No,Yes,No,No,79.0,62,62,69,97.0,100.0,No,No,16291,13114,0.0,0.0,0.0,0.000,0.036,5321,7293,72.6,82.2,87.0,0.675,19.119,19.071,19.168,39.982,19.557,31.050,3.967,35.058,12.000,31.050,10.094,5.172,28.062,40.000,40.000,1132.0,1375.2,1005.0,1174.3,1087.0,967.0,1132.4,1372.5,1087.7,100.0,32.0,0.0,1.0,78.3,20.0,100.0,0.0,0.0,0.0,0.0,Yes,Yes,No,No,No,No,No,0,0,0,0,0,0,0,0,0,10,0,0,0,0,0,0,0,0,0,0,0,0,0,0,0,0,0,0,0,0,889,3207,3079,120,16.0,63,0.672,0.280,550.0,1330.0,0.6,0.3,0.0,0.2,0.8,0.0,0.0,0.0,0.0,3.0,486,15729,486,No,No,No,No,No,No,No,No,16.076,32.285,45.3,66.362,24.5,30.9,14.1,14.5,13.8,13.8,13.8,13.8,14.1,14.2,14.0,14.0,14.0,14.0,71.06,72.43,70.22,70.19,72.50,72.50,70.68,0.00,5.55,65.50,0.52,1331,23,0.2,0.2,0,0,0.0,0.0,0,
13.9.2026,21:49:33.563,10936,26615,29.1,9970,22461,30.7,0.0,5120,0,1.290,1.172,1.320,1.300,1.317,1.277,1.312,1.287,1.335,1.031,0.843,4850.6,4588.8,4888.0,4888.0,4888.0,4888.0,4888.0,4888.0,4888.0,99.8,3990.2,99.8,172.2,361.7,344.0,315.8,231.2,108.5,225.6,174.3,126.6,81.8,41.9,119.4,110.8,121.0,61.4,216.7,114.0,172.2,4.4,8.3,7.5,7.5,5.7,4.3,6.0,4.9,4.0,0.0,1.5,3.1,2.9,3.9,2.6,5.2,3.0,8.3,4.4,100.0,6.9,14.6,13.4,12.9,9.5,4.5,8.9,6.9,5.1,3.2,1.9,4.9,4.6,4.8,2.5,8.7,4.6,6.9,48.6,46.0,49.0,49.0,49.0,49.0,49.0,49.0,49.0,40.0,66,70,67,66,69,64,67,65,62,34,30,33,34,31,36,33,35,38,70,70,No,No,No,No,No,No,No,No,No,No,No,No,No,No,No,No,No,No,No,No,No,No,No,No,No,No,No,No,No,No,68,68,63,10.664,16.631,11.221,0.216,1.970,1.123,0.548,85.0,65.0,125.0,98.0,0,18.3,0.0,3.8,8.0,7.1,7.2,5.3,2.4,4.9,3.7,2.8,1.7,1.2,2.7,2.5,2.7,1.5,4.9,2.6,81.2,81.9,34.5,80.8,91.9,94.0,88.6,93.6,84.0,1330.1,13.33,19,19,19,43,62,467,2,1,Yes,No,Yes,No,No,No,No,No,No,No,Yes,No,No,No,No,No,No,No,No,No,No,No,No,No,No,No,No,No,No,No,No,No,No,No,No,No,No,79.0,62,62,69,97.0,100.0,No,No,16291,13114,0.0,0.0,0.0,0.000,0.008,5321,7293,72.3,81.7,87.0,0.681,19.138,19.089,19.188,39.801,17.918,30.186,3.990,34.211,12.000,30.186,10.108,2.446,20.212,40.000,40.000,1132.0,1375.2,1005.0,1174.1,1087.0,967.0,1132.5,1373.7,1087.5,100.0,30.0,0.0,1.0,77.5,19.8,99.2,0.0,0.0,0.0,0.0,Yes,Yes,No,No,No,No,No,0,0,0,0,0,0,0,0,0,10,0,0,0,0,0,0,0,0,0,0,0,0,0,0,0,0,0,0,0,0,921,3175,3047,120,16.0,63,0.672,0.216,550.0,1330.0,0.6,0.2,0.0,0.1,0.7,0.0,0.0,0.0,0.0,3.0,486,15729,486,No,No,No,No,No,No,No,No,16.076,32.285,45.3,66.330,24.5,30.9,16.3,16.7,16.0,16.0,16.0,16.0,16.7,18.1,16.1,16.1,16.1,16.1,61.26,62.04,59.54,59.43,62.04,62.04,60.04,0.00,5.01,56.25,2.26,1331,23,6.2,0.2,0,0,0.0,0.0,0,
13.9.2026,21:49:35.566,10903,26648,29.0,9969,22461,30.7,0.0,5120,0,1.284,1.137,1.317,1.295,1.315,1.275,1.312,1.287,1.332,1.031,0.843,4838.2,4489.0,4888.0,4888.0,4888.0,4888.0,4888.0,4888.0,4888.0,99.8,3990.2,99.8,179.3,241.9,303.9,336.1,252.1,148.8,217.2,181.1,117.6,42.1,44.5,178.4,82.7,241.6,83.2,262.6,134.9,179.3,4.4,5.3,6.2,7.6,5.4,3.1,3.0,3.7,2.4,11.8,0.1,3.8,1.7,5.0,1.7,5.6,3.6,11.8,4.4,100.0,7.2,10.0,11.8,13.9,10.1,6.0,8.7,7.1,4.7,1.7,1.8,7.1,3.5,9.5,3.4,10.5,5.5,7.2,48.5,45.0,49.0,49.0,49.0,49.0,49.0,49.0,49.0,40.0,64,65,66,63,66,64,64,64,61,36,35,34,37,34,36,36,36,39,67,66,Yes,Yes,No,No,No,No,No,No,Yes,No,No,No,No,No,No,No,No,No,No,No,No,No,No,No,No,No,No,Yes,No,No,69,69,64,10.664,16.813,11.325,0.227,1.969,1.165,0.565,85.0,65.0,125.0,98.0,0,14.4,0.0,4.0,5.5,6.4,7.9,5.6,3.3,4.7,3.9,2.7,0.9,1.1,3.9,1.9,5.2,1.9,5.8,3.1,80.2,84.4,25.7,81.8,90.5,96.9,89.4,89.8,83.0,1330.1,13.33,19,19,19,43,62,467,2,1,Yes,No,Yes,No,No,No,No,No,No,No,Yes,No,No,No,No,No,No,No,No,No,No,No,No,No,No,No,No,No,No,No,No,No,No,No,No,No,No,79.0,62,62,69,97.0,100.0,No,No,16291,13114,0.0,0.1,0.1,0.000,0.083,5321,7293,72.8,82.5,87.0,0.681,19.098,19.049,19.147,39.855,19.474,30.246,4.000,34.273,12.000,30.246,10.111,6.165,28.754,40.000,40.000,1147.0,1375.2,1005.0,1164.2,1087.0,967.0,1148.0,1373.9,1087.8,100.0,28.0,0.0,1.0,75.9,0.0,0.0,0.0,0.0,0.0,0.0,Yes,Yes,No,No,No,No,No,0,0,0,0,0,0,0,0,0,10,0,0,0,0,0,0,0,0,0,0,0,0,0,0,0,0,0,0,0,0,986,3110,2983,120,16.0,63,0.672,0.227,550.0,1330.0,0.6,0.2,0.0,0.2,0.8,0.0,0.0,0.0,0.0,3.0,486,15729,486,No,No,No,No,No,No,No,No,16.078,32.285,45.3,66.370,24.5,30.9,20.1,20.5,19.6,19.6,19.6,19.6,20.1,20.5,19.8,19.8,19.8,19.8,49.87,50.77,48.90,48.89,50.81,50.81,49.79,0.00,4.73,45.14,0.51,1331,23,2.8,0.2,0,0,0.0,0.0,0,
13.9.2026,21:49:37.571,6725,30825,17.9,6813,25617,21.0,0.0,5120,0,1.304,1.302,1.317,1.292,1.317,1.272,1.312,1.285,1.332,1.031,0.843,4900.5,4987.8,4888.0,4888.0,4888.0,4888.0,4888.0,4888.0,4888.0,99.8,3990.2,99.8,283.1,357.3,237.7,475.9,397.5,169.7,260.8,160.5,395.1,33.6,733.2,348.9,161.3,189.0,144.5,262.4,202.3,283.1,5.9,8.1,5.8,10.5,7.6,3.7,7.1,3.5,8.7,0.0,16.5,7.6,3.5,3.4,0.0,5.1,3.7,16.5,5.9,100.0,11.6,15.1,9.3,19.9,16.1,7.4,11.0,6.6,16.6,1.4,28.4,14.1,6.9,7.9,6.2,11.1,8.4,11.6,49.1,50.0,49.0,49.0,49.0,49.0,49.0,49.0,49.0,40.0,62,63,63,59,66,61,66,61,61,38,37,37,41,34,39,34,39,39,66,66,Yes,No,Yes,No,No,Yes,No,No,No,No,No,No,No,No,No,No,No,No,No,No,No,No,No,No,No,No,No,Yes,No,No,94,94,65,32.813,16.938,11.492,0.173,1.970,1.162,0.574,85.0,65.0,125.0,98.0,0,27.9,0.0,6.4,8.1,5.1,10.8,8.6,3.9,5.8,3.6,8.8,0.8,16.6,7.8,3.7,4.3,3.3,6.0,4.6,74.1,74.6,53.1,72.9,80.1,80.1,76.7,79.7,75.7,1330.1,13.33,19,19,19,43,62,467,2,1,Yes,No,Yes,No,No,No,No,No,No,No,Yes,No,No,No,No,No,No,No,No,No,No,No,No,No,No,No,No,No,No,No,No,No,No,No,No,No,No,79.0,62,62,69,97.0,100.0,No,No,16291,13114,0.1,0.1,0.1,0.043,0.192,5321,7294,72.4,81.9,87.0,0.681,19.057,19.011,19.104,39.745,17.319,27.579,4.125,31.713,12.000,27.579,10.237,1.266,24.054,40.000,40.000,1147.0,1375.2,1005.0,1159.2,1087.0,967.0,1147.4,1373.8,1087.2,100.0,27.0,0.0,1.0,74.8,20.0,100.0,0.0,0.0,0.0,0.0,Yes,Yes,No,No,No,No,No,0,0,0,0,0,0,0,0,0,10,0,0,0,0,0,0,0,0,0,0,0,0,0,0,0,0,0,0,0,0,1032,3064,2936,75,16.0,64,0.672,0.173,550.0,1596.0,0.7,0.3,0.0,0.2,0.8,0.0,0.0,0.0,0.0,3.0,486,15729,486,No,No,No,No,No,No,No,No,16.080,32.285,45.3,66.426,24.5,30.9,63.5,273.4,53.4,52.8,52.7,52.7,60.0,60.4,59.4,59.4,59.4,59.4,16.43,18.48,12.94,12.64,18.68,18.68,1.22,1.56,3.91,12.52,0.81,1331,23,5.3,10.8,0,0,0.0,0.0,0,
13.9.2026,21:49:39.590,6722,30828,17.9,6812,25619,21.0,0.0,5120,0,1.291,1.205,1.315,1.292,1.312,1.272,1.312,1.285,1.332,1.031,0.843,4863.1,4688.5,4888.0,4888.0,4888.0,4888.0,4888.0,4888.0,4888.0,99.8,3990.2,99.8,82.8,159.3,61.8,116.7,81.7,58.2,38.0,76.4,40.8,19.6,1.9,202.8,135.6,44.0,66.8,137.3,83.4,82.8,3.0,3.6,0.0,2.0,2.6,1.4,1.0,1.8,0.0,17.2,1.6,4.7,2.9,0.0,4.5,3.2,1.8,17.2,3.0,100.0,3.4,6.6,2.4,5.0,3.5,2.4,1.7,3.2,1.8,0.8,0.1,8.4,5.7,1.8,2.7,5.7,3.4,3.4,48.8,47.0,49.0,49.0,49.0,49.0,49.0,49.0,49.0,40.0,62,63,62,59,62,61,64,61,61,38,37,38,41,38,39,36,39,39,65,64,No,No,No,No,No,No,No,No,No,No,No,No,No,No,No,No,No,No,No,No,No,No,No,No,No,No,No,No,No,No,67,64,62,10.254,20.975,15.030,0.523,1.970,1.250,0.593,85.0,65.0,125.0,98.0,0,68.7,3.0,1.9,3.6,1.3,2.8,1.9,1.4,1.0,1.8,1.0,0.4,0.0,4.7,3.0,1.0,1.5,3.2,1.8,93.9,90.6,92.2,96.3,94.3,99.4,90.1,96.5,92.2,1330.1,13.33,19,19,19,43,62,467,2,1,Yes,No,Yes,No,No,No,No,No,No,No,Yes,No,No,No,No,No,No,No,No,No,No,No,No,No,No,No,No,No,No,No,No,No,No,No,No,No,No,79.0,62,62,69,97.0,100.0,No,No,16291,13114,0.0,0.1,0.1,0.000,0.036,5321,7294,67.5,76.8,87.0,0.606,19.333,19.285,19.380,18.046,5.552,2.700,3.529,6.240,12.000,2.700,9.653,1.463,6.127,40.000,40.000,435.0,1250.2,652.0,1672.5,705.0,622.0,435.1,1248.9,705.3,0.0,0.0,0.0,0.0,4.0,0.0,0.1,0.0,0.0,0.0,0.0,Yes,No,No,No,No,Yes,No,0,0,0,0,0,0,0,0,0,10,0,0,0,0,0,0,0,0,0,0,0,0,0,0,0,0,0,0,0,0,3931,165,35,5,16.0,62,0.675,0.523,550.0,1596.0,5.2,4.2,0.0,1.2,6.1,0.0,0.0,0.0,0.0,3.0,491,15724,491,No,No,No,No,No,No,No,No,16.084,32.285,45.3,66.861,24.5,30.9,48.4,63.2,8.4,5.2,5.0,5.0,49.3,60.5,9.2,5.7,5.5,5.5,20.65,118.58,15.69,15.45,200.93,200.93,0.36,0.00,20.51,0.14,7.83,1331,23,0.2,0.2,0,0,0.0,0.0,0,
13.9.2026,21:49:41.607,6726,30825,17.9,6813,25618,21.0,0.0,5120,0,1.305,1.270,1.315,1.295,1.312,1.320,1.312,1.282,1.330,1.031,0.843,4900.5,4888.0,4888.0,4888.0,4888.0,4987.8,4888.0,4888.0,4888.0,99.8,3990.2,99.8,78.2,105.3,42.7,134.1,84.4,43.4,39.7,53.2,67.9,26.2,34.8,155.1,135.1,32.7,29.3,189.9,77.8,78.2,2.0,2.4,4.6,3.2,1.8,1.0,0.8,1.2,3.0,0.0,0.0,3.5,2.9,2.3,0.6,4.3,0.8,4.6,2.0,100.0,3.3,4.4,1.7,5.8,3.5,1.9,1.6,2.3,2.8,1.1,1.4,6.6,5.7,1.4,1.2,7.9,3.2,3.3,49.1,49.0,49.0,49.0,49.0,50.0,49.0,49.0,49.0,40.0,61,62,62,60,63,61,64,60,59,39,38,38,40,37,39,36,40,41,65,64,No,No,No,No,No,No,No,No,No,No,No,No,No,No,No,No,No,No,No,No,No,No,No,No,No,No,No,No,No,No,65,62,61,3.281,10.655,4.765,0.869,1.971,1.122,0.401,85.0,65.0,125.0,98.0,0,17.3,56.0,1.8,2.4,0.9,3.3,1.8,1.1,0.9,1.3,1.5,0.6,0.7,3.5,3.0,0.8,0.7,4.4,1.7,94.6,95.0,91.1,96.8,95.7,98.7,91.0,97.6,91.0,1330.1,13.33,19,19,19,43,62,467,2,1,Yes,No,No,No,No,No,No,No,No,No,Yes,No,No,No,No,No,No,No,No,No,No,No,No,No,No,No,No,No,No,No,No,No,No,No,No,No,No,79.0,62,62,69,97.0,100.0,No,No,16291,13114,0.2,0.0,0.2,0.117,0.024,5321,7294,65.0,74.8,87.0,0.606,19.428,19.392,19.464,10.813,3.016,0.805,0.019,0.817,12.000,0.805,6.129,0.836,2.720,40.000,40.000,210.0,202.5,727.0,201.7,787.0,697.0,118.0,112.9,446.0,0.0,0.0,0.0,0.0,4.0,0.0,0.0,0.0,0.0,0.0,0.0,Yes,No,No,No,No,Yes,No,0,0,0,0,0,0,0,0,0,11,0,0,0,0,0,0,0,0,0,0,0,0,0,0,0,0,0,0,0,0,3931,165,35,5,5.0,62,0.675,0.869,550.0,1596.0,1.9,1.1,0.0,0.5,2.7,0.0,0.0,0.0,0.0,2.9,472,15743,473,No,No,No,No,No,No,No,No,16.084,32.779,46.0,66.877,24.5,30.9,48.5,62.9,8.5,5.2,5.0,5.0,48.4,60.5,8.5,5.2,5.0,5.0,20.64,118.26,15.88,15.83,200.94,200.94,0.36,0.00,20.50,0.14,8.18,1331,23,3.9,0.2,0,0,0.0,0.0,0,
13.9.2026,21:49:43.606,6721,30830,17.8,6808,25622,20.9,0.0,5120,0,1.301,1.300,1.312,1.290,1.310,1.272,1.310,1.282,1.332,1.031,0.706,4900.5,4987.8,4888.0,4888.0,4888.0,4888.0,4888.0,4888.0,4888.0,99.8,3990.2,99.8,71.2,146.0,60.6,148.3,61.6,33.1,26.0,34.0,27.8,1.5,38.9,161.6,133.2,28.2,37.9,146.5,54.4,71.2,2.3,3.2,2.7,4.2,0.0,0.0,0.0,0.8,0.0,12.3,0.0,3.6,2.8,1.4,0.0,4.1,1.9,12.3,2.3,100.0,3.0,6.1,2.4,6.3,2.6,1.5,1.2,1.5,1.3,0.1,1.5,6.7,5.5,1.2,1.6,6.1,2.2,3.0,49.1,50.0,49.0,49.0,49.0,49.0,49.0,49.0,49.0,40.0,60,60,58,56,61,58,62,60,61,40,40,42,44,39,42,38,40,39,62,62,No,No,No,No,No,No,No,No,No,No,No,No,No,No,No,No,No,No,No,No,No,No,No,No,No,No,No,No,No,No,63,62,60,6.152,9.218,5.022,0.572,1.989,0.684,0.312,85.0,65.0,125.0,98.0,0,17.7,56.7,1.6,3.3,1.2,3.5,1.4,0.8,0.7,0.9,0.7,0.0,0.8,3.7,2.9,0.7,0.8,3.5,1.2,94.9,92.8,92.1,97.3,96.8,99.1,91.9,96.5,93.0,1330.1,13.33,19,19,19,43,62,467,2,1,Yes,No,Yes,No,No,No,No,No,No,No,Yes,No,No,No,No,No,No,No,No,No,No,No,No,No,No,No,No,No,No,No,No,No,No,No,No,No,No,79.0,62,62,69,97.0,100.0,No,No,16291,13114,0.0,0.1,0.1,0.008,0.024,5321,7294,64.0,73.6,87.0,0.606,19.420,19.389,19.451,6.769,2.798,0.242,0.039,0.272,12.000,0.242,6.141,0.778,2.671,40.000,40.000,210.0,101.2,555.0,15.2,600.0,525.0,148.0,70.6,425.9,0.0,0.0,0.0,0.0,4.0,0.0,0.0,0.0,0.0,0.0,0.0,Yes,No,No,No,No,Yes,No,0,0,0,0,0,0,0,0,0,12,0,0,0,0,0,0,0,0,0,0,0,0,0,0,0,0,0,0,0,0,3931,165,35,5,2.5,60,0.675,0.572,550.0,1330.0,1.6,0.8,0.0,0.5,2.5,0.0,0.0,0.0,0.0,2.9,472,15743,473,No,No,No,No,No,No,No,No,16.087,32.779,46.0,66.906,24.5,30.9,48.4,62.6,8.5,5.2,5.0,5.0,48.4,60.5,8.5,5.2,5.0,5.0,20.65,118.14,15.97,15.96,200.63,200.63,0.35,0.00,20.52,0.14,8.15,1331,23,7.7,0.3,0,0,0.0,0.0,0,
13.9.2026,21:49:45.621,6703,30848,17.8,6791,25639,20.9,0.0,5120,0,1.221,1.270,1.315,0.680,1.310,1.270,1.307,1.282,1.330,1.031,0.843,4401.7,4888.0,4888.0,997.6,4888.0,4888.0,4888.0,4888.0,4888.0,99.8,3990.2,99.8,73.8,132.8,60.5,123.2,68.2,40.3,28.3,34.2,21.0,2.5,46.7,127.0,141.9,45.2,23.9,178.1,107.3,73.8,1.9,3.0,1.2,3.0,5.1,1.7,1.4,0.1,0.5,0.0,0.0,2.9,3.1,2.6,0.0,4.2,2.3,5.1,1.9,100.0,3.1,5.5,2.4,5.3,2.8,1.7,1.3,1.5,1.0,0.1,1.8,5.4,6.0,1.9,1.0,7.5,4.4,3.1,44.1,49.0,49.0,10.0,49.0,49.0,49.0,49.0,49.0,40.0,59,60,59,55,60,58,61,59,58,41,40,41,45,40,42,39,41,42,62,61,No,No,No,No,No,No,No,No,No,No,No,No,No,No,No,No,No,No,No,No,No,No,No,No,No,No,No,No,No,No,62,61,60,21.739,8.589,4.574,0.611,1.989,0.638,0.302,85.0,65.0,125.0,98.0,0,17.7,55.5,1.7,3.0,1.2,3.1,1.5,1.0,0.7,0.9,0.5,0.1,0.9,2.9,3.2,1.1,0.6,4.2,2.3,94.8,93.2,92.6,97.0,96.8,98.9,91.9,97.1,90.6,1330.1,13.33,19,19,19,43,62,467,2,1,Yes,No,Yes,No,No,No,No,No,No,No,Yes,No,No,No,No,No,No,No,No,No,No,No,No,No,No,No,No,No,No,No,No,No,No,No,No,No,No,79.0,62,62,69,97.0,100.0,No,No,16291,13114,0.0,0.0,0.0,0.000,0.044,5321,7294,63.2,72.7,87.0,0.613,19.423,19.395,19.450,6.421,2.793,0.253,0.019,0.272,12.000,0.253,6.129,0.781,2.633,40.000,40.000,210.0,101.2,555.0,11.0,600.0,525.0,210.1,100.9,599.8,0.0,0.0,0.0,0.0,4.0,0.0,0.0,0.0,0.0,0.0,0.0,Yes,No,No,No,No,Yes,No,0,0,0,0,0,0,0,0,0,12,0,0,0,0,0,0,0,0,0,0,0,0,0,0,0,0,0,0,0,0,3931,165,35,5,2.5,59,0.675,0.611,550.0,1330.0,1.6,0.8,0.0,0.5,2.4,0.0,0.0,0.0,0.0,2.9,472,15743,473,No,No,No,No,No,No,No,No,16.090,32.779,46.0,66.902,24.5,30.9,48.4,62.2,8.5,5.2,5.0,5.0,48.4,60.4,8.5,5.2,5.0,5.0,20.66,118.28,16.06,16.05,200.87,200.87,0.37,0.00,20.52,0.14,8.14,1331,23,2.7,9.9,0,0,0.0,0.0,0,
13.9.2026,21:49:47.622,6701,30849,17.8,6791,25640,20.9,0.0,5120,0,1.302,1.270,1.312,1.290,1.310,1.315,1.307,1.282,1.332,1.031,0.708,4900.5,4888.0,4888.0,4888.0,4888.0,4987.8,4888.0,4888.0,4888.0,99.8,3990.2,99.8,83.0,169.9,52.9,163.6,78.8,70.3,48.7,46.0,52.0,8.5,20.3,134.6,123.1,43.4,111.3,137.0,68.2,83.0,6.0,3.9,1.1,3.8,0.0,0.1,0.0,1.9,2.0,26.6,37.5,3.0,2.6,0.2,7.6,3.2,2.2,37.5,6.0,100.0,3.5,7.0,2.1,7.0,3.4,3.0,2.0,2.0,2.2,0.4,0.8,5.6,5.1,1.8,4.6,5.8,2.8,3.5,49.1,49.0,49.0,49.0,49.0,50.0,49.0,49.0,49.0,40.0,58,59,58,55,58,57,60,57,61,42,41,42,45,42,43,40,43,39,61,61,No,No,No,No,No,No,No,No,No,No,No,No,No,No,No,No,No,No,No,No,No,No,No,No,No,No,No,No,No,No,62,61,60,15.176,8.604,4.815,0.430,1.991,0.615,0.309,85.0,65.0,125.0,98.0,0,16.6,48.2,1.9,3.9,1.1,3.9,1.7,1.7,1.1,1.1,1.2,0.2,0.4,3.0,2.7,1.0,2.5,3.3,1.5,92.6,90.1,87.1,93.1,95.7,99.2,92.4,94.7,88.4,1330.1,13.33,19,19,19,43,62,467,2,1,Yes,No,Yes,No,No,No,No,No,No,No,Yes,No,No,No,No,No,No,No,No,No,No,No,No,No,No,No,No,No,No,No,No,No,No,No,No,No,No,79.0,62,62,69,97.0,100.0,No,No,16291,13114,0.0,0.1,0.1,0.016,0.071,5321,7294,62.7,72.3,87.0,0.613,19.392,19.357,19.427,6.412,2.834,0.269,0.116,0.389,12.000,0.269,6.221,0.771,2.633,40.000,40.000,210.0,101.2,555.0,9.1,600.0,525.0,210.0,101.0,599.9,1.0,1.0,0.0,1.0,4.0,0.0,0.1,0.0,0.0,0.0,0.0,Yes,No,No,No,No,Yes,No,0,0,0,0,0,0,0,0,0,12,0,0,0,0,0,0,0,0,0,0,0,0,0,0,0,0,0,0,0,0,3931,165,35,5,2.5,60,0.675,0.430,550.0,1596.0,1.9,1.1,0.0,0.6,2.8,0.0,0.0,0.0,0.0,2.9,472,15743,473,No,No,No,No,No,No,No,No,16.091,32.779,46.0,66.906,24.5,30.9,48.4,62.4,8.5,5.2,5.0,5.0,48.4,60.6,8.5,5.2,5.0,5.0,20.65,118.26,16.05,15.95,200.92,200.92,0.36,0.00,20.51,0.14,8.14,1331,23,1.1,0.2,0,0,0.0,0.0,0,
13.9.2026,21:49:49.624,6718,30833,17.8,6810,25620,21.0,0.0,5120,0,1.302,1.270,1.312,1.290,1.310,1.317,1.307,1.282,1.330,1.031,0.843,4900.5,4888.0,4888.0,4888.0,4888.0,4987.8,4888.0,4888.0,4888.0,99.8,3990.2,99.8,181.1,242.2,105.6,417.4,185.3,121.2,245.5,153.0,166.4,4.7,27.1,187.8,246.8,85.8,213.9,196.5,298.7,181.1,4.1,5.5,0.7,9.2,6.9,3.4,6.2,2.7,2.9,0.0,0.0,4.2,5.4,1.2,5.5,4.5,6.4,9.2,4.1,100.0,7.6,10.0,4.2,17.8,8.0,5.1,10.7,6.4,7.1,0.2,1.1,7.9,10.1,3.7,9.2,8.3,12.6,7.6,49.1,49.0,49.0,49.0,49.0,50.0,49.0,49.0,49.0,40.0,59,60,58,56,60,58,61,60,59,41,40,42,44,40,42,39,40,41,61,61,No,No,No,No,No,No,No,No,No,No,No,No,No,No,No,No,No,No,No,No,No,No,No,No,No,No,No,No,No,No,92,92,62,38.555,9.395,5.460,0.465,1.981,0.664,0.337,85.0,65.0,125.0,98.0,0,12.6,31.2,4.0,5.6,2.2,9.3,4.1,2.7,5.6,3.5,3.7,0.1,0.6,4.2,5.4,2.0,4.8,4.5,6.5,81.9,84.3,75.0,79.2,84.2,98.8,79.4,81.9,72.7,1330.1,13.33,19,19,19,43,62,467,2,1,Yes,No,Yes,No,No,No,No,No,No,No,Yes,No,Yes,No,No,No,No,No,No,No,Yes,No,No,No,No,No,No,No,No,No,No,No,No,No,No,No,No,79.0,62,62,69,97.0,100.0,No,No,16291,13114,0.0,0.0,0.1,0.036,0.026,5321,7294,62.2,71.6,87.0,0.613,19.203,19.165,19.242,6.400,2.888,0.202,0.345,0.539,12.000,0.202,6.452,0.763,2.601,40.000,40.000,210.0,101.2,555.0,13.2,600.0,525.0,145.4,69.6,413.1,0.0,0.0,0.0,0.0,4.0,0.0,0.2,0.0,0.0,0.0,0.0,Yes,No,No,No,No,Yes,No,0,0,0,0,0,0,0,0,0,12,0,0,0,0,0,0,0,0,0,0,0,0,0,0,0,0,0,0,0,0,3931,165,35,5,2.5,60,0.667,0.465,500.0,1330.0,1.8,1.0,0.0,0.5,2.5,0.0,0.0,0.0,0.0,2.9,472,15743,473,No,No,No,No,No,No,No,No,16.093,32.779,46.0,66.915,24.5,30.9,48.5,65.4,8.5,5.2,5.0,5.0,48.4,60.8,8.5,5.2,5.0,5.0,20.62,118.35,15.31,15.27,200.57,200.57,0.24,0.01,20.46,0.15,8.44,1331,23,0.6,0.2,0,0,0.0,0.0,0,
13.9.2026,21:49:51.639,6727,30824,17.9,6815,25616,21.0,0.0,5120,0,1.238,1.202,1.240,1.255,1.232,1.240,1.235,1.212,1.290,1.031,0.708,4725.9,4688.5,4688.5,4788.3,4688.5,4788.3,4688.5,4688.5,4788.3,99.8,3990.2,99.8,156.0,273.2,57.4,358.3,151.1,143.2,90.0,132.6,125.3,6.9,24.3,293.7,183.9,131.7,169.8,195.2,158.8,156.0,3.7,6.2,1.9,7.8,3.2,3.9,2.7,3.7,3.5,0.9,0.0,6.4,3.9,4.4,3.7,4.4,3.4,7.8,3.7,100.0,6.4,11.4,2.3,14.7,6.3,5.9,3.8,5.4,5.3,0.3,1.0,12.0,7.6,5.5,7.1,8.2,6.5,6.4,47.4,47.0,47.0,48.0,47.0,48.0,47.0,47.0,48.0,40.0,62,62,66,59,68,58,63,60,62,38,38,34,41,32,42,37,40,38,68,68,No,No,No,No,No,No,No,No,No,No,No,No,No,No,No,No,No,No,No,No,No,No,No,No,No,No,No,No,No,No,61,61,58,27.071,15.283,11.031,0.436,1.991,0.821,0.457,85.0,65.0,125.0,98.0,0,11.2,34.1,3.5,6.3,1.2,8.0,3.3,3.2,2.1,3.0,2.9,0.2,0.5,6.5,4.1,3.0,3.8,4.5,3.5,83.5,82.8,69.9,85.8,83.2,99.0,80.2,86.4,80.9,1064.1,10.67,15,15,15,35,62,374,1,2,Yes,No,No,No,No,No,No,No,No,No,Yes,No,No,No,No,No,No,No,No,No,No,No,No,No,No,No,No,No,No,No,No,No,No,No,No,No,No,80.0,62,62,69,97.0,100.0,No,No,16291,13114,0.0,0.2,0.2,0.008,0.120,5321,7294,61.8,71.7,87.0,0.613,19.387,19.354,19.420,6.516,2.811,0.195,0.174,0.369,12.000,0.195,6.282,0.752,2.517,40.000,40.000,210.0,101.2,555.0,15.3,600.0,525.0,209.9,101.0,599.9,0.0,0.0,0.0,0.0,4.0,0.0,0.0,0.0,0.0,0.0,0.0,Yes,No,No,No,No,Yes,No,0,0,0,0,0,0,0,0,0,12,0,0,0,0,0,0,0,0,0,0,0,0,0,0,0,0,0,0,0,0,3931,165,35,5,2.5,59,0.665,0.436,500.0,1596.0,6.5,5.2,0.0,1.5,7.7,0.0,0.0,0.0,0.0,3.0,480,15735,480,No,No,No,No,No,No,No,No,16.096,32.779,46.0,66.927,24.5,30.9,53.7,67.2,15.0,10.3,9.9,9.9,50.5,60.6,13.1,10.3,10.0,10.0,18.61,66.49,14.88,14.39,100.62,100.62,0.72,0.25,18.61,0.00,3.73,1331,23,6.0,0.2,0,0,0.0,0.0,0,
Date,Time,"Virtual Memory Committed [MB]","Virtual Memory Available [MB]","Virtual Memory Load [%]","Physical Memory Used [MB]","Physical Memory Available [MB]","Physical Memory Load [%]","Page File Usage [%]","Page File Total [MB]","Page File Used [MB]","Core VIDs (avg) [V]","Core 0 VID [V]","Core 1 VID [V]","Core 2 VID [V]","Core 3 VID [V]","Core 4 VID [V]","Core 5 VID [V]","Core 6 VID [V]","Core 7 VID [V]","Uncore VID [V]","SA VID [V]","Core Clocks (avg) [MHz]","Core 0 Clock [MHz]","Core 1 Clock [MHz]","Core 2 Clock [MHz]","Core 3 Clock [MHz]","Core 4 Clock [MHz]","Core 5 Clock [MHz]","Core 6 Clock [MHz]","Core 7 Clock [MHz]","Bus Clock [MHz]","Ring/LLC Clock [MHz]","PCIe Clock [MHz]","Core Effective Clocks (avg) [MHz]","Core 0 T0 Effective Clock [MHz]","Core 0 T1 Effective Clock [MHz]","Core 1 T0 Effective Clock [MHz]","Core 1 T1 Effective Clock [MHz]","Core 2 T0 Effective Clock [MHz]","Core 2 T1 Effective Clock [MHz]","Core 3 T0 Effective Clock [MHz]","Core 3 T1 Effective Clock [MHz]","Core 4 T0 Effective Clock [MHz]","Core 4 T1 Effective Clock [MHz]","Core 5 T0 Effective Clock [MHz]","Core 5 T1 Effective Clock [MHz]","Core 6 T0 Effective Clock [MHz]","Core 6 T1 Effective Clock [MHz]","Core 7 T0 Effective Clock [MHz]","Core 7 T1 Effective Clock [MHz]","Average Effective Clock [MHz]","Core Usage (avg) [%]","Core 0 T0 Usage [%]","Core 0 T1 Usage [%]","Core 1 T0 Usage [%]","Core 1 T1 Usage [%]","Core 2 T0 Usage [%]","Core 2 T1 Usage [%]","Core 3 T0 Usage [%]","Core 3 T1 Usage [%]","Core 4 T0 Usage [%]","Core 4 T1 Usage [%]","Core 5 T0 Usage [%]","Core 5 T1 Usage [%]","Core 6 T0 Usage [%]","Core 6 T1 Usage [%]","Core 7 T0 Usage [%]","Core 7 T1 Usage [%]","Max CPU/Thread Usage [%]","Total CPU Usage [%]","On-Demand Clock Modulation [%]","Core Utility (avg) [%]","Core 0 T0 Utility [%]","Core 0 T1 Utility [%]","Core 1 T0 Utility [%]","Core 1 T1 Utility [%]","Core 2 T0 Utility [%]","Core 2 T1 Utility [%]","Core 3 T0 Utility [%]","Core 3 T1 Utility [%]","Core 4 T0 Utility [%]","Core 4 T1 Utility [%]","Core 5 T0 Utility [%]","Core 5 T1 Utility [%]","Core 6 T0 Utility [%]","Core 6 T1 Utility [%]","Core 7 T0 Utility [%]","Core 7 T1 Utility [%]","Total CPU Utility [%]","Core Ratios (avg) [x]","Core 0 Ratio [x]","Core 1 Ratio [x]","Core 2 Ratio [x]","Core 3 Ratio [x]","Core 4 Ratio [x]","Core 5 Ratio [x]","Core 6 Ratio [x]","Core 7 Ratio [x]","Uncore Ratio [x]","Core Temperatures (avg) [°C]","Core 0 [°C]","Core 1 [°C]","Core 2 [°C]","Core 3 [°C]","Core 4 [°C]","Core 5 [°C]","Core 6 [°C]","Core 7 [°C]","Core Distance to TjMAX (avg) [°C]","Core 0 Distance to TjMAX [°C]","Core 1 Distance to TjMAX [°C]","Core 2 Distance to TjMAX [°C]","Core 3 Distance to TjMAX [°C]","Core 4 Distance to TjMAX [°C]","Core 5 Distance to TjMAX [°C]","Core 6 Distance to TjMAX [°C]","Core 7 Distance to TjMAX [°C]","CPU Package [°C]","Core Max [°C]","Core Thermal Throttling (avg) [Yes/No]","Core 0 Thermal Throttling [Yes/No]","Core 1 Thermal Throttling [Yes/No]","Core 2 Thermal Throttling [Yes/No]","Core 3 Thermal Throttling [Yes/No]","Core 4 Thermal Throttling [Yes/No]","Core 5 Thermal Throttling [Yes/No]","Core 6 Thermal Throttling [Yes/No]","Core 7 Thermal Throttling [Yes/No]","Core Critical Temperature (avg) [Yes/No]","Core 0 Critical Temperature [Yes/No]","Core 1 Critical Temperature [Yes/No]","Core 2 Critical Temperature [Yes/No]","Core 3 Critical Temperature [Yes/No]","Core 4 Critical Temperature [Yes/No]","Core 5 Critical Temperature [Yes/No]","Core 6 Critical Temperature [Yes/No]","Core 7 Critical Temperature [Yes/No]","Core Power Limit Exceeded (avg) [Yes/No]","Core 0 Power Limit Exceeded [Yes/No]","Core 1 Power Limit Exceeded [Yes/No]","Core 2 Power Limit Exceeded [Yes/No]","Core 3 Power Limit Exceeded [Yes/No]","Core 4 Power Limit Exceeded [Yes/No]","Core 5 Power Limit Exceeded [Yes/No]","Core 6 Power Limit Exceeded [Yes/No]","Core 7 Power Limit Exceeded [Yes/No]","Package/Ring Thermal Throttling [Yes/No]","Package/Ring Critical Temperature [Yes/No]","Package/Ring Power Limit Exceeded [Yes/No]","CPU Package [°C]","CPU IA Cores [°C]","CPU GT Cores (Graphics) [°C]","VR VCC Current (SVID IOUT) [A]","CPU Package Power [W]","IA Cores Power [W]","GT Cores Power [W]","Total System Power [W]","System Agent Power [W]","Rest-of-Chip Power [W]","PL1 Power Limit (Static) [W]","PL1 Power Limit (Dynamic) [W]","PL2 Power Limit (Static) [W]","PL2 Power Limit (Dynamic) [W]","Current cTDP Level []","Package C2 Residency [%]","Package C3 Residency [%]","Core C0 Residency (avg) [%]","Core 0 T0 C0 Residency [%]","Core 0 T1 C0 Residency [%]","Core 1 T0 C0 Residency [%]","Core 1 T1 C0 Residency [%]","Core 2 T0 C0 Residency [%]","Core 2 T1 C0 Residency [%]","Core 3 T0 C0 Residency [%]","Core 3 T1 C0 Residency [%]","Core 4 T0 C0 Residency [%]","Core 4 T1 C0 Residency [%]","Core 5 T0 C0 Residency [%]","Core 5 T1 C0 Residency [%]","Core 6 T0 C0 Residency [%]","Core 6 T1 C0 Residency [%]","Core 7 T0 C0 Residency [%]","Core 7 T1 C0 Residency [%]","Core C7 Residency (avg) [%]","Core 0 C7 Residency [%]","Core 1 C7 Residency [%]","Core 2 C7 Residency [%]","Core 3 C7 Residency [%]","Core 4 C7 Residency [%]","Core 5 C7 Residency [%]","Core 6 C7 Residency [%]","Core 7 C7 Residency [%]","Memory Clock [MHz]","Memory Clock Ratio [x]","Tcas [T]","Trcd [T]","Trp [T]","Tras [T]","Trc [T]","Trfc [T]","Command Rate [T]","Gear Mode []","IA Limit Reasons (avg) [Yes/No]","IA: PROCHOT [Yes/No]","IA: Thermal Event [Yes/No]","IA: Residency State Regulation [Yes/No]","IA: Running Average Thermal Limit [Yes/No]","IA: VR Thermal Alert [Yes/No]","IA: VR TDC [Yes/No]","IA: Electrical Design Point/Other (ICCmax PL4 SVID DDR RAPL) [Yes/No]","IA: Package-Level RAPL/PBM PL1 [Yes/No]","IA: Package-Level RAPL/PBM PL2 PL3 [Yes/No]","IA: Max Turbo Limit [Yes/No]","IA: Turbo Attenuation (MCT) [Yes/No]","GT Limit Reasons (avg) [Yes/No]","GT: PROCHOT [Yes/No]","GT: Thermal Event [Yes/No]","GT: DDR RAPL [Yes/No]","GT: Residency State Regulation [Yes/No]","GT: Running Average Thermal Limit [Yes/No]","GT: VR Thermal Alert [Yes/No]","GT: VR TDC [Yes/No]","GT: Max VR Voltage  ICCmax  PL4 [Yes/No]","GT: Domain-Level PBM PLGT [Yes/No]","GT: Package-Level RAPL/PBM PL1 [Yes/No]","GT: Package-Level RAPL/PBM PL2 PL3 [Yes/No]","GT: Inefficient Operation [Yes/No]","GT: Fuses limit [Yes/No]","Ring Limit Reasons (avg) [Yes/No]","RING: PROCHOT [Yes/No]","RING: Thermal Event [Yes/No]","RING: DDR RAPL [Yes/No]","RING: Residency State Regulation [Yes/No]","RING: Running Average Thermal Limit [Yes/No]","RING: VR Thermal Alert [Yes/No]","RING: VR TDC [Yes/No]","RING: Max VR Voltage  ICCmax  PL4 [Yes/No]","RING: Package-Level RAPL/PBM PL1 [Yes/No]","RING: Package-Level RAPL/PBM PL2 PL3 [Yes/No]","PCH Temperature [°C]","Drive Temperature [°C]","Drive Temperature 2 [°C]","Drive Temperature 3 [°C]","Drive Remaining Life [%]","Drive Available Spare [%]","Drive Failure [Yes/No]","Drive Warning [Yes/No]","Total Host Writes [GB]","Total Host Reads [GB]","Read Activity [%]","Write Activity [%]","Total Activity [%]","Read Rate [MB/s]","Write Rate [MB/s]","Read Total [MB]","Write Total [MB]","GPU Temperature [°C]","GPU Hot Spot Temperature [°C]","GPU Thermal Limit [°C]","GPU Core Voltage [V]","GPU Rail Voltages (avg) [V]","GPU FBVDD Input Voltage [V]","GPU 8-pin #1 Input Voltage [V]","GPU Power [W]","GPU Rail Powers (avg) [W]","GPU Core (NVVDD) Input Power (sum) [W]","GPU FBVDD Input Power [W]","GPU 8-pin #1 Input Power [W]","GPU PCIe +3.3V Input Power (est) [W]","GPU Core (NVVDD2) Input Power (sum) [W]","GPU Input PP Source Power (sum) [W]","GPU Core (NVVDD) Output Power [W]","GPU Core (NVVDD) Output Power [W]","GPU Power Limit (rated) [W]","GPU Power Limit (max) [W]","GPU Clock [MHz]","GPU Memory Clock [MHz]","GPU Video Clock [MHz]","GPU Effective Clock [MHz]","GPU Crossbar Clock [MHz]","GPU System Domain Clock [MHz]","GPU Clock (measured) [MHz]","GPU Memory Clock (measured) [MHz]","GPU Crossbar Clock (measured) [MHz]","GPU Core Load [%]","GPU Memory Controller Load [%]","GPU Video Engine Load [%]","GPU Bus Load [%]","GPU Memory Usage [%]","GPU D3D Usages (avg) [%]","GPU D3D Usage [%]","GPU Video Decode 0 Usage [%]","GPU Video Decode 1 Usage [%]","GPU Video Encode 0 Usage [%]","GPU VR Usage [%]","GPU Performance Limiters (avg) [Yes/No]","Performance Limit - Power [Yes/No]","Performance Limit - Thermal [Yes/No]","Performance Limit - Reliability Voltage [Yes/No]","Performance Limit - Max Operating Voltage [Yes/No]","Performance Limit - Utilization [Yes/No]","Performance Limit - SLI GPUBoost Sync [Yes/No]","PCI Express Error Counters (avg) []","Receiver Errors []","Replay Count []","Replay Rollover Count []","Bad DLLP Count []","Bad TLP Count []","LCRC Error Count []","NAKs Sent Count []","NAKs Received Count []","Recovery Count []","Correctable Error Count []","Non-Fatal Error Count []","Fatal Error Count []","Unsupported Request Count []","PCIe Lane 0 Errors []","PCIe Lane 1 Errors []","PCIe Lane 2 Errors []","PCIe Lane 3 Errors []","PCIe Lane 4 Errors []","PCIe Lane 5 Errors []","PCIe Lane 6 Errors []","PCIe Lane 7 Errors []","PCIe Lane 8 Errors []","PCIe Lane 9 Errors []","PCIe Lane 10 Errors []","PCIe Lane 11 Errors []","PCIe Lane 12 Errors []","PCIe Lane 13 Errors []","PCIe Lane 14 Errors []","PCIe Lane 15 Errors []","GPU Memory Available [MB]","GPU Memory Allocated [MB]","GPU D3D Memory Dedicated [MB]","GPU D3D Memory Dynamic [MB]","PCIe Link Speed [GT/s]","GPU Core Temperature [°C]","iGPU VID [V]","IGPU Power [W]","GPU Clock [MHz]","GPU Memory Clock [MHz]","GPU Total Usage [%]","GPU Computing Usage [%]","GPU Media Engine Usage [%]","GPU D3D Utilizations (avg) [%]","GPU D3D Usage [%]","GPU Video Decode 0 Usage [%]","GPU Video Decode 1 Usage [%]","GPU Video Processing 0 Usage [%]","GPU Copy Engine Usage [%]","GPU Memory Usage [%]","GPU Memory Allocated [MB]","GPU Memory Available [MB]","GPU D3D Memory Dynamic [MB]","GPU Throttle Reasons (avg) [Yes/No]","Avg. Power (PL1) [Yes/No]","Burst Power (PL2) [Yes/No]","Current (PL4) [Yes/No]","Thermal [Yes/No]","Power Supply [Yes/No]","Software Limit [Yes/No]","Hardware Limit [Yes/No]","Battery Voltage [V]","Remaining Capacity [Wh]","Charge Level [%]","Charge Rate [W]","Wear Level [%]","Estimated Remaining Time [mins]","Framerate Presented (avg) [FPS]","Framerate Presented (99%) [FPS]","Framerate Presented (1%) [FPS]","Framerate Presented (0.1%) [FPS]","Framerate Presented (1% low) [FPS]","Framerate Presented (0.1% low) [FPS]","Framerate Displayed (avg) [FPS]","Framerate Displayed (99%) [FPS]","Framerate Displayed (1%) [FPS]","Framerate Displayed (0.1%) [FPS]","Framerate Displayed (1% low) [FPS]","Framerate Displayed (0.1% low) [FPS]","Frame Time Presented (avg) [ms]","Frame Time Presented (99%) [ms]","Frame Time Presented (1%) [ms]","Frame Time Presented (0.1%) [ms]","Frame Time Displayed (1% high) [ms]","Frame Time Displayed (0.1% high) [ms]","GPU Busy (avg) [ms]","GPU Wait (avg) [ms]","CPU Busy (avg) [ms]","CPU Wait (avg) [ms]","Animation Error (avg) [ms]","Total DL [MB]","Total UP [MB]","Current DL rate [KB/s]","Current UP rate [KB/s]","Total DL [MB]","Total UP [MB]","Current DL rate [KB/s]","Current UP rate [KB/s]","Total Errors []",
,,System: HP HP ZBook Fury 15.6 inch G8 Mobile Workstation PC,System: HP HP ZBook Fury 15.6 inch G8 Mobile Workstation PC,System: HP HP ZBook Fury 15.6 inch G8 Mobile Workstation PC,System: HP HP ZBook Fury 15.6 inch G8 Mobile Workstation PC,System: HP HP ZBook Fury 15.6 inch G8 Mobile Workstation PC,System: HP HP ZBook Fury 15.6 inch G8 Mobile Workstation PC,System: HP HP ZBook Fury 15.6 inch G8 Mobile Workstation PC,System: HP HP ZBook Fury 15.6 inch G8 Mobile Workstation PC,System: HP HP ZBook Fury 15.6 inch G8 Mobile Workstation PC,CPU [#0]: Intel Core i9-11950H,CPU [#0]: Intel Core i9-11950H,CPU [#0]: Intel Core i9-11950H,CPU [#0]: Intel Core i9-11950H,CPU [#0]: Intel Core i9-11950H,CPU [#0]: Intel Core i9-11950H,CPU [#0]: Intel Core i9-11950H,CPU [#0]: Intel Core i9-11950H,CPU [#0]: Intel Core i9-11950H,CPU [#0]: Intel Core i9-11950H,CPU [#0]: Intel Core i9-11950H,CPU [#0]: Intel Core i9-11950H,CPU [#0]: Intel Core i9-11950H,CPU [#0]: Intel Core i9-11950H,CPU [#0]: Intel Core i9-11950H,CPU [#0]: Intel Core i9-11950H,CPU [#0]: Intel Core i9-11950H,CPU [#0]: Intel Core i9-11950H,CPU [#0]: Intel Core i9-11950H,CPU [#0]: Intel Core i9-11950H,CPU [#0]: Intel Core i9-11950H,CPU [#0]: Intel Core i9-11950H,CPU [#0]: Intel Core i9-11950H,CPU [#0]: Intel Core i9-11950H,CPU [#0]: Intel Core i9-11950H,CPU [#0]: Intel Core i9-11950H,CPU [#0]: Intel Core i9-11950H,CPU [#0]: Intel Core i9-11950H,CPU [#0]: Intel Core i9-11950H,CPU [#0]: Intel Core i9-11950H,CPU [#0]: Intel Core i9-11950H,CPU [#0]: Intel Core i9-11950H,CPU [#0]: Intel Core i9-11950H,CPU [#0]: Intel Core i9-11950H,CPU [#0]: Intel Core i9-11950H,CPU [#0]: Intel Core i9-11950H,CPU [#0]: Intel Core i9-11950H,CPU [#0]: Intel Core i9-11950H,CPU [#0]: Intel Core i9-11950H,CPU [#0]: Intel Core i9-11950H,CPU [#0]: Intel Core i9-11950H,CPU [#0]: Intel Core i9-11950H,CPU [#0]: Intel Core i9-11950H,CPU [#0]: Intel Core i9-11950H,CPU [#0]: Intel Core i9-11950H,CPU [#0]: Intel Core i9-11950H,CPU [#0]: Intel Core i9-11950H,CPU [#0]: Intel Core i9-11950H,CPU [#0]: Intel Core i9-11950H,CPU [#0]: Intel Core i9-11950H,CPU [#0]: Intel Core i9-11950H,CPU [#0]: Intel Core i9-11950H,CPU [#0]: Intel Core i9-11950H,CPU [#0]: Intel Core i9-11950H,CPU [#0]: Intel Core i9-11950H,CPU [#0]: Intel Core i9-11950H,CPU [#0]: Intel Core i9-11950H,CPU [#0]: Intel Core i9-11950H,CPU [#0]: Intel Core i9-11950H,CPU [#0]: Intel Core i9-11950H,CPU [#0]: Intel Core i9-11950H,CPU [#0]: Intel Core i9-11950H,CPU [#0]: Intel Core i9-11950H,CPU [#0]: Intel Core i9-11950H,CPU [#0]: Intel Core i9-11950H,CPU [#0]: Intel Core i9-11950H,CPU [#0]: Intel Core i9-11950H,CPU [#0]: Intel Core i9-11950H,CPU [#0]: Intel Core i9-11950H,CPU [#0]: Intel Core i9-11950H,CPU [#0]: Intel Core i9-11950H,CPU [#0]: Intel Core i9-11950H,CPU [#0]: Intel Core i9-11950H,CPU [#0]: Intel Core i9-11950H,CPU [#0]: Intel Core i9-11950H,CPU [#0]: Intel Core i9-11950H,CPU [#0]: Intel Core i9-11950H,CPU [#0]: Intel Core i9-11950H,CPU [#0]: Intel Core i9-11950H,CPU [#0]: Intel Core i9-11950H,CPU [#0]: Intel Core i9-11950H,CPU [#0]: Intel Core i9-11950H,CPU [#0]: Intel Core i9-11950H,CPU [#0]: Intel Core i9-11950H,CPU [#0]: Intel Core i9-11950H,CPU [#0]: Intel Core i9-11950H,CPU [#0]: Intel Core i9-11950H,CPU [#0]: Intel Core i9-11950H,CPU [#0]: Intel Core i9-11950H,CPU [#0]: Intel Core i9-11950H: DTS,CPU [#0]: Intel Core i9-11950H: DTS,CPU [#0]: Intel Core i9-11950H: DTS,CPU [#0]: Intel Core i9-11950H: DTS,CPU [#0]: Intel Core i9-11950H: DTS,CPU [#0]: Intel Core i9-11950H: DTS,CPU [#0]: Intel Core i9-11950H: DTS,CPU [#0]: Intel Core i9-11950H: DTS,CPU [#0]: Intel Core i9-11950H: DTS,CPU [#0]: Intel Core i9-11950H: DTS,CPU [#0]: Intel Core i9-11950H: DTS,CPU [#0]: Intel Core i9-11950H: DTS,CPU [#0]: Intel Core i9-11950H: DTS,CPU [#0]: Intel Core i9-11950H: DTS,CPU [#0]: Intel Core i9-11950H: DTS,CPU [#0]: Intel Core i9-11950H: DTS,CPU [#0]: Intel Core i9-11950H: DTS,CPU [#0]: Intel Core i9-11950H: DTS,CPU [#0]: Intel Core i9-11950H: DTS,CPU [#0]: Intel Core i9-11950H: DTS,CPU [#0]: Intel Core i9-11950H: DTS,CPU [#0]: Intel Core i9-11950H: DTS,CPU [#0]: Intel Core i9-11950H: DTS,CPU [#0]: Intel Core i9-11950H: DTS,CPU [#0]: Intel Core i9-11950H: DTS,CPU [#0]: Intel Core i9-11950H: DTS,CPU [#0]: Intel Core i9-11950H: DTS,CPU [#0]: Intel Core i9-11950H: DTS,CPU [#0]: Intel Core i9-11950H: DTS,CPU [#0]: Intel Core i9-11950H: DTS,CPU [#0]: Intel Core i9-11950H: DTS,CPU [#0]: Intel Core i9-11950H: DTS,CPU [#0]: Intel Core i9-11950H: DTS,CPU [#0]: Intel Core i9-11950H: DTS,CPU [#0]: Intel Core i9-11950H: DTS,CPU [#0]: Intel Core i9-11950H: DTS,CPU [#0]: Intel Core i9-11950H: DTS,CPU [#0]: Intel Core i9-11950H: DTS,CPU [#0]: Intel Core i9-11950H: DTS,CPU [#0]: Intel Core i9-11950H: DTS,CPU [#0]: Intel Core i9-11950H: DTS,CPU [#0]: Intel Core i9-11950H: DTS,CPU [#0]: Intel Core i9-11950H: DTS,CPU [#0]: Intel Core i9-11950H: DTS,CPU [#0]: Intel Core i9-11950H: DTS,CPU [#0]: Intel Core i9-11950H: DTS,CPU [#0]: Intel Core i9-11950H: DTS,CPU [#0]: Intel Core i9-11950H: DTS,CPU [#0]: Intel Core i9-11950H: DTS,CPU [#0]: Intel Core i9-11950H: DTS,CPU [#0]: Intel Core i9-11950H: Enhanced,CPU [#0]: Intel Core i9-11950H: Enhanced,CPU [#0]: Intel Core i9-11950H: Enhanced,CPU [#0]: Intel Core i9-11950H: Enhanced,CPU [#0]: Intel Core i9-11950H: Enhanced,CPU [#0]: Intel Core i9-11950H: Enhanced,CPU [#0]: Intel Core i9-11950H: Enhanced,CPU [#0]: Intel Core i9-11950H: Enhanced,CPU [#0]: Intel Core i9-11950H: Enhanced,CPU [#0]: Intel Core i9-11950H: Enhanced,CPU [#0]: Intel Core i9-11950H: Enhanced,CPU [#0]: Intel Core i9-11950H: Enhanced,CPU [#0]: Intel Core i9-11950H: Enhanced,CPU [#0]: Intel Core i9-11950H: Enhanced,CPU [#0]: Intel Core i9-11950H: Enhanced,CPU [#0]: Intel Core i9-11950H: C-State Residency,CPU [#0]: Intel Core i9-11950H: C-State Residency,CPU [#0]: Intel Core i9-11950H: C-State Residency,CPU [#0]: Intel Core i9-11950H: C-State Residency,CPU [#0]: Intel Core i9-11950H: C-State Residency,CPU [#0]: Intel Core i9-11950H: C-State Residency,CPU [#0]: Intel Core i9-11950H: C-State Residency,CPU [#0]: Intel Core i9-11950H: C-State Residency,CPU [#0]: Intel Core i9-11950H: C-State Residency,CPU [#0]: Intel Core i9-11950H: C-State Residency,CPU [#0]: Intel Core i9-11950H: C-State Residency,CPU [#0]: Intel Core i9-11950H: C-State Residency,CPU [#0]: Intel Core i9-11950H: C-State Residency,CPU [#0]: Intel Core i9-11950H: C-State Residency,CPU [#0]: Intel Core i9-11950H: C-State Residency,CPU [#0]: Intel Core i9-11950H: C-State Residency,CPU [#0]: Intel Core i9-11950H: C-State Residency,CPU [#0]: Intel Core i9-11950H: C-State Residency,CPU [#0]: Intel Core i9-11950H: C-State Residency,CPU [#0]: Intel Core i9-11950H: C-State Residency,CPU [#0]: Intel Core i9-11950H: C-State Residency,CPU [#0]: Intel Core i9-11950H: C-State Residency,CPU [#0]: Intel Core i9-11950H: C-State Residency,CPU [#0]: Intel Core i9-11950H: C-State Residency,CPU [#0]: Intel Core i9-11950H: C-State Residency,CPU [#0]: Intel Core i9-11950H: C-State Residency,CPU [#0]: Intel Core i9-11950H: C-State Residency,CPU [#0]: Intel Core i9-11950H: C-State Residency,Memory Timings,Memory Timings,Memory Timings,Memory Timings,Memory Timings,Memory Timings,Memory Timings,Memory Timings,Memory Timings,Memory Timings,CPU [#0]: Intel Core i9-11950H: Performance Limit Reasons,CPU [#0]: Intel Core i9-11950H: Performance Limit Reasons,CPU [#0]: Intel Core i9-11950H: Performance Limit Reasons,CPU [#0]: Intel Core i9-11950H: Performance Limit Reasons,CPU [#0]: Intel Core i9-11950H: Performance Limit Reasons,CPU [#0]: Intel Core i9-11950H: Performance Limit Reasons,CPU [#0]: Intel Core i9-11950H: Performance Limit Reasons,CPU [#0]: Intel Core i9-11950H: Performance Limit Reasons,CPU [#0]: Intel Core i9-11950H: Performance Limit Reasons,CPU [#0]: Intel Core i9-11950H: Performance Limit Reasons,CPU [#0]: Intel Core i9-11950H: Performance Limit Reasons,CPU [#0]: Intel Core i9-11950H: Performance Limit Reasons,CPU [#0]: Intel Core i9-11950H: Performance Limit Reasons,CPU [#0]: Intel Core i9-11950H: Performance Limit Reasons,CPU [#0]: Intel Core i9-11950H: Performance Limit Reasons,CPU [#0]: Intel Core i9-11950H: Performance Limit Reasons,CPU [#0]: Intel Core i9-11950H: Performance Limit Reasons,CPU [#0]: Intel Core i9-11950H: Performance Limit Reasons,CPU [#0]: Intel Core i9-11950H: Performance Limit Reasons,CPU [#0]: Intel Core i9-11950H: Performance Limit Reasons,CPU [#0]: Intel Core i9-11950H: Performance Limit Reasons,CPU [#0]: Intel Core i9-11950H: Performance Limit Reasons,CPU [#0]: Intel Core i9-11950H: Performance Limit Reasons,CPU [#0]: Intel Core i9-11950H: Performance Limit Reasons,CPU [#0]: Intel Core i9-11950H: Performance Limit Reasons,CPU [#0]: Intel Core i9-11950H: Performance Limit Reasons,CPU [#0]: Intel Core i9-11950H: Performance Limit Reasons,CPU [#0]: Intel Core i9-11950H: Performance Limit Reasons,CPU [#0]: Intel Core i9-11950H: Performance Limit Reasons,CPU [#0]: Intel Core i9-11950H: Performance Limit Reasons,CPU [#0]: Intel Core i9-11950H: Performance Limit Reasons,CPU [#0]: Intel Core i9-11950H: Performance Limit Reasons,CPU [#0]: Intel Core i9-11950H: Performance Limit Reasons,CPU [#0]: Intel Core i9-11950H: Performance Limit Reasons,CPU [#0]: Intel Core i9-11950H: Performance Limit Reasons,CPU [#0]: Intel Core i9-11950H: Performance Limit Reasons,CPU [#0]: Intel Core i9-11950H: Performance Limit Reasons,HP 8870 (Intel PCH),S.M.A.R.T.: Micron 2300 NVMe 512GB (20512C0D5B5E) [C:],S.M.A.R.T.: Micron 2300 NVMe 512GB (20512C0D5B5E) [C:],S.M.A.R.T.: Micron 2300 NVMe 512GB (20512C0D5B5E) [C:],S.M.A.R.T.: Micron 2300 NVMe 512GB (20512C0D5B5E) [C:],S.M.A.R.T.: Micron 2300 NVMe 512GB (20512C0D5B5E) [C:],S.M.A.R.T.: Micron 2300 NVMe 512GB (20512C0D5B5E) [C:],S.M.A.R.T.: Micron 2300 NVMe 512GB (20512C0D5B5E) [C:],S.M.A.R.T.: Micron 2300 NVMe 512GB (20512C0D5B5E) [C:],S.M.A.R.T.: Micron 2300 NVMe 512GB (20512C0D5B5E) [C:],Drive: Micron 2300 NVMe 512GB (20512C0D5B5E) [C:],Drive: Micron 2300 NVMe 512GB (20512C0D5B5E) [C:],Drive: Micron 2300 NVMe 512GB (20512C0D5B5E) [C:],Drive: Micron 2300 NVMe 512GB (20512C0D5B5E) [C:],Drive: Micron 2300 NVMe 512GB (20512C0D5B5E) [C:],Drive: Micron 2300 NVMe 512GB (20512C0D5B5E) [C:],Drive: Micron 2300 NVMe 512GB (20512C0D5B5E) [C:],dGPU [#1]: NVIDIA RTX A2000 Laptop,dGPU [#1]: NVIDIA RTX A2000 Laptop,dGPU [#1]: NVIDIA RTX A2000 Laptop,dGPU [#1]: NVIDIA RTX A2000 Laptop,dGPU [#1]: NVIDIA RTX A2000 Laptop,dGPU [#1]: NVIDIA RTX A2000 Laptop,dGPU [#1]: NVIDIA RTX A2000 Laptop,dGPU [#1]: NVIDIA RTX A2000 Laptop,dGPU [#1]: NVIDIA RTX A2000 Laptop,dGPU [#1]: NVIDIA RTX A2000 Laptop,dGPU [#1]: NVIDIA RTX A2000 Laptop,dGPU [#1]: NVIDIA RTX A2000 Laptop,dGPU [#1]: NVIDIA RTX A2000 Laptop,dGPU [#1]: NVIDIA RTX A2000 Laptop,dGPU [#1]: NVIDIA RTX A2000 Laptop,dGPU [#1]: NVIDIA RTX A2000 Laptop,dGPU [#1]: NVIDIA RTX A2000 Laptop,dGPU [#1]: NVIDIA RTX A2000 Laptop,dGPU [#1]: NVIDIA RTX A2000 Laptop,dGPU [#1]: NVIDIA RTX A2000 Laptop,dGPU [#1]: NVIDIA RTX A2000 Laptop,dGPU [#1]: NVIDIA RTX A2000 Laptop,dGPU [#1]: NVIDIA RTX A2000 Laptop,dGPU [#1]: NVIDIA RTX A2000 Laptop,dGPU [#1]: NVIDIA RTX A2000 Laptop,dGPU [#1]: NVIDIA RTX A2000 Laptop,dGPU [#1]: NVIDIA RTX A2000 Laptop,dGPU [#1]: NVIDIA RTX A2000 Laptop,dGPU [#1]: NVIDIA RTX A2000 Laptop,dGPU [#1]: NVIDIA RTX A2000 Laptop,dGPU [#1]: NVIDIA RTX A2000 Laptop,dGPU [#1]: NVIDIA RTX A2000 Laptop,dGPU [#1]: NVIDIA RTX A2000 Laptop,dGPU [#1]: NVIDIA RTX A2000 Laptop,dGPU [#1]: NVIDIA RTX A2000 Laptop,dGPU [#1]: NVIDIA RTX A2000 Laptop,dGPU [#1]: NVIDIA RTX A2000 Laptop,dGPU [#1]: NVIDIA RTX A2000 Laptop,dGPU [#1]: NVIDIA RTX A2000 Laptop,dGPU [#1]: NVIDIA RTX A2000 Laptop,dGPU [#1]: NVIDIA RTX A2000 Laptop,dGPU [#1]: NVIDIA RTX A2000 Laptop,dGPU [#1]: NVIDIA RTX A2000 Laptop,dGPU [#1]: NVIDIA RTX A2000 Laptop,dGPU [#1]: NVIDIA RTX A2000 Laptop,dGPU [#1]: NVIDIA RTX A2000 Laptop,dGPU [#1]: NVIDIA RTX A2000 Laptop,dGPU [#1]: NVIDIA RTX A2000 Laptop,dGPU [#1]: NVIDIA RTX A2000 Laptop,dGPU [#1]: NVIDIA RTX A2000 Laptop,dGPU [#1]: NVIDIA RTX A2000 Laptop,dGPU [#1]: NVIDIA RTX A2000 Laptop,dGPU [#1]: NVIDIA RTX A2000 Laptop,dGPU [#1]: NVIDIA RTX A2000 Laptop,dGPU [#1]: NVIDIA RTX A2000 Laptop,dGPU [#1]: NVIDIA RTX A2000 Laptop,dGPU [#1]: NVIDIA RTX A2000 Laptop,dGPU [#1]: NVIDIA RTX A2000 Laptop,dGPU [#1]: NVIDIA RTX A2000 Laptop,dGPU [#1]: NVIDIA RTX A2000 Laptop,dGPU [#1]: NVIDIA RTX A2000 Laptop,dGPU [#1]: NVIDIA RTX A2000 Laptop,dGPU [#1]: NVIDIA RTX A2000 Laptop,dGPU [#1]: NVIDIA RTX A2000 Laptop,dGPU [#1]: NVIDIA RTX A2000 Laptop,dGPU [#1]: NVIDIA RTX A2000 Laptop,dGPU [#1]: NVIDIA RTX A2000 Laptop,dGPU [#1]: NVIDIA RTX A2000 Laptop,dGPU [#1]: NVIDIA RTX A2000 Laptop,dGPU [#1]: NVIDIA RTX A2000 Laptop,dGPU [#1]: NVIDIA RTX A2000 Laptop,dGPU [#1]: NVIDIA RTX A2000 Laptop,dGPU [#1]: NVIDIA RTX A2000 Laptop,dGPU [#1]: NVIDIA RTX A2000 Laptop,dGPU [#1]: NVIDIA RTX A2000 Laptop,dGPU [#1]: NVIDIA RTX A2000 Laptop,dGPU [#1]: NVIDIA RTX A2000 Laptop,dGPU [#1]: NVIDIA RTX A2000 Laptop,dGPU [#1]: NVIDIA RTX A2000 Laptop,dGPU [#1]: NVIDIA RTX A2000 Laptop,dGPU [#1]: NVIDIA RTX A2000 Laptop,iGPU [#0]: Intel UHD Graphics,iGPU [#0]: Intel UHD Graphics,iGPU [#0]: Intel UHD Graphics,iGPU [#0]: Intel UHD Graphics,iGPU [#0]: Intel UHD Graphics,iGPU [#0]: Intel UHD Graphics,iGPU [#0]: Intel UHD Graphics,iGPU [#0]: Intel UHD Graphics,iGPU [#0]: Intel UHD Graphics,iGPU [#0]: Intel UHD Graphics,iGPU [#0]: Intel UHD Graphics,iGPU [#0]: Intel UHD Graphics,iGPU [#0]: Intel UHD Graphics,iGPU [#0]: Intel UHD Graphics,iGPU [#0]: Intel UHD Graphics,iGPU [#0]: Intel UHD Graphics,iGPU [#0]: Intel UHD Graphics,iGPU [#0]: Intel UHD Graphics,iGPU [#0]: Intel UHD Graphics,iGPU [#0]: Intel UHD Graphics,iGPU [#0]: Intel UHD Graphics,iGPU [#0]: Intel UHD Graphics,iGPU [#0]: Intel UHD Graphics,iGPU [#0]: Intel UHD Graphics,iGPU [#0]: Intel UHD Graphics,iGPU [#0]: Intel UHD Graphics,Battery: Hewlett-Packard Primary,Battery: Hewlett-Packard Primary,Battery: Hewlett-Packard Primary,Battery: Hewlett-Packard Primary,Battery: Hewlett-Packard Primary,Battery: Hewlett-Packard Primary,PresentMon [dwm.exe],PresentMon [dwm.exe],PresentMon [dwm.exe],PresentMon [dwm.exe],PresentMon [dwm.exe],PresentMon [dwm.exe],PresentMon [dwm.exe],PresentMon [dwm.exe],PresentMon [dwm.exe],PresentMon [dwm.exe],PresentMon [dwm.exe],PresentMon [dwm.exe],PresentMon [dwm.exe],PresentMon [dwm.exe],PresentMon [dwm.exe],PresentMon [dwm.exe],PresentMon [dwm.exe],PresentMon [dwm.exe],PresentMon [dwm.exe],PresentMon [dwm.exe],PresentMon [dwm.exe],PresentMon [dwm.exe],PresentMon [dwm.exe],Network: Intel Tiger Lake PCH-H - CNVi: Wi-Fi [B1] - Wi-Fi,Network: Intel Tiger Lake PCH-H - CNVi: Wi-Fi [B1] - Wi-Fi,Network: Intel Tiger Lake PCH-H - CNVi: Wi-Fi [B1] - Wi-Fi,Network: Intel Tiger Lake PCH-H - CNVi: Wi-Fi [B1] - Wi-Fi,Network: Intel Ethernet Connection I219-LM - Ethernet,Network: Intel Ethernet Connection I219-LM - Ethernet,Network: Intel Ethernet Connection I219-LM - Ethernet,Network: Intel Ethernet Connection I219-LM - Ethernet,Windows Hardware Errors (WHEA),
